OID_;id;id_cs;ate_avg;ate_min;ate_max;ate_stdev;GlobSedv2_Clip_ProjectRaster
1;10652;50076;-94,569999999999993;-27,000000000000000;-176,599999999999994;44,060000000000002;
2;10653;50077;-245,719999999999999;-4,800000000000000;-702,299999999999955;204,349999999999994;
3;10654;50078;-84,109999999999999;-3,900000000000000;-223,900000000000006;67,329999999999998;
4;10655;50079;-171,020000000000010;-35,799999999999997;-334,300000000000011;112,920000000000002;1105,8916016
5;10656;50080;-94,840000000000003;-24,800000000000001;-189,400000000000006;55,909999999999997;
6;10657;50081;-67,390000000000001;-52,299999999999997;-96,700000000000003;12,580000000000000;1106,2868652
7;10658;50082;-202,830000000000013;0,300000000000000;-693,000000000000000;236,460000000000008;1105,8713379
8;10659;50083;-239,789999999999992;-9,000000000000000;-519,899999999999977;159,830000000000013;
9;10660;50084;-183,460000000000008;-26,800000000000001;-415,199999999999989;131,080000000000013;
10;10661;50085;-167,419999999999987;-21,800000000000001;-496,500000000000000;133,719999999999999;
11;10662;50086;-83,459999999999994;-52,899999999999999;-257,800000000000011;59,090000000000003;
12;10663;50087;-423,800000000000011;-2,000000000000000;-850,799999999999955;339,220000000000027;
13;10664;50088;-122,280000000000001;-28,100000000000001;-273,199999999999989;65,730000000000004;
14;10665;50090;-115,670000000000002;-66,299999999999997;-164,500000000000000;40,090000000000003;1097,8505859
15;10666;50091;-355,100000000000023;-38,500000000000000;-1555,400000000000091;477,970000000000027;1096,2937012
16;10667;50092;-174,409999999999997;-57,200000000000003;-584,500000000000000;212,580000000000013;1095,0426025
17;10668;50093;-227,689999999999998;-13,600000000000000;-445,300000000000011;180,189999999999998;
18;10669;50095;-374,399999999999977;-5,200000000000000;-866,200000000000045;311,500000000000000;
19;10670;50096;-76,870000000000005;-2,400000000000000;-163,500000000000000;59,829999999999998;
20;10671;50097;-427,430000000000007;-186,400000000000006;-704,899999999999977;199,879999999999995;
21;10672;50098;-111,590000000000003;-0,400000000000000;-162,199999999999989;52,579999999999998;
22;10673;50099;-273,529999999999973;-3,900000000000000;-723,600000000000023;208,060000000000002;
23;10674;50100;-91,769999999999996;-24,500000000000000;-171,500000000000000;60,570000000000000;
24;10675;50101;-154,969999999999999;-25,000000000000000;-455,600000000000023;139,409999999999997;
25;10676;50103;-113,900000000000006;-31,500000000000000;-192,400000000000006;51,789999999999999;
26;10677;50105;-409,560000000000002;-178,699999999999989;-735,299999999999955;183,849999999999994;
27;10678;50106;-219,870000000000005;-13,900000000000000;-676,500000000000000;219,919999999999987;
28;10679;50107;-317,829999999999984;-16,399999999999999;-899,600000000000023;306,810000000000002;
29;10680;50108;-271,000000000000000;-0,500000000000000;-945,000000000000000;268,490000000000009;
30;10681;50109;-366,290000000000020;-14,199999999999999;-1238,000000000000000;397,360000000000014;
31;10682;50110;-105,349999999999994;-40,600000000000001;-156,300000000000011;41,850000000000001;
32;10683;50112;-797,200000000000045;-724,000000000000000;-833,799999999999955;51,759999999999998;
33;10684;50113;-392,230000000000018;-71,000000000000000;-756,799999999999955;288,050000000000011;
34;10685;50114;-44,969999999999999;-0,900000000000000;-82,700000000000003;31,730000000000000;
35;10686;50115;-202,400000000000006;-83,799999999999997;-396,899999999999977;138,069999999999993;
36;10687;50116;-324,430000000000007;-3,500000000000000;-494,600000000000023;191,629999999999995;
37;10688;50117;-504,310000000000002;-14,699999999999999;-1965,599999999999909;603,809999999999945;
38;10689;50118;-161,969999999999999;-13,500000000000000;-324,699999999999989;93,739999999999995;
39;10690;50119;-1091,849999999999909;-664,500000000000000;-1411,700000000000045;300,709999999999980;
40;10691;50120;-503,129999999999995;-84,599999999999994;-934,500000000000000;347,819999999999993;
41;10692;50121;-498,060000000000002;-9,699999999999999;-692,700000000000045;248,780000000000001;
42;10693;50122;-186,599999999999994;-51,799999999999997;-413,699999999999989;142,030000000000001;1077,9595947
43;10694;50123;-203,639999999999986;-19,300000000000001;-375,100000000000023;159,639999999999986;
44;10695;50124;-804,279999999999973;-62,200000000000003;-2214,400000000000091;652,230000000000018;
45;10696;50125;-1089,700000000000045;-90,599999999999994;-2945,000000000000000;928,639999999999986;
46;10697;50126;-518,230000000000018;-2,500000000000000;-701,200000000000045;297,829999999999984;1084,6246338
47;10698;50127;-145,830000000000013;-52,700000000000003;-463,300000000000011;158,310000000000002;
48;10699;50128;-12,880000000000001;-2,000000000000000;-27,899999999999999;9,670000000000000;
49;10700;50129;-41,840000000000003;-4,200000000000000;-72,200000000000003;24,000000000000000;
50;10701;50130;-72,329999999999998;-48,899999999999999;-114,099999999999994;28,270000000000000;
51;10702;50131;-106,680000000000007;-50,100000000000001;-262,000000000000000;89,739999999999995;
52;10703;50132;-66,689999999999998;-3,100000000000000;-143,199999999999989;47,659999999999997;
53;10704;50133;-46,930000000000000;-19,300000000000001;-64,900000000000006;16,629999999999999;
54;10705;50134;-87,120000000000005;-37,500000000000000;-145,099999999999994;43,710000000000001;
55;10706;50135;-89,150000000000006;-54,799999999999997;-155,900000000000006;39,850000000000001;
56;10707;50136;-767,980000000000018;-214,699999999999989;-2100,699999999999818;772,440000000000055;
57;10708;50137;-241,300000000000011;-171,900000000000006;-276,000000000000000;49,070000000000000;
58;10709;50138;-100,430000000000007;-75,099999999999994;-130,000000000000000;21,609999999999999;
59;10710;50141;-276,120000000000005;-5,400000000000000;-827,200000000000045;354,500000000000000;
60;10711;50142;-274,079999999999984;-19,800000000000001;-1059,500000000000000;395,540000000000020;
61;10712;50145;-61,049999999999997;-8,699999999999999;-108,400000000000006;39,369999999999997;
62;10713;50146;-69,400000000000006;-3,400000000000000;-148,199999999999989;54,530000000000001;
63;10714;50147;-75,620000000000005;-58,200000000000003;-111,900000000000006;16,070000000000000;
64;10715;50153;-892,370000000000005;-177,099999999999994;-1939,900000000000091;669,379999999999995;
65;10716;50156;-106,829999999999998;-23,800000000000001;-180,000000000000000;54,500000000000000;
66;10717;50157;-128,270000000000010;-76,900000000000006;-164,199999999999989;26,590000000000000;
67;10718;50158;-125,849999999999994;-10,699999999999999;-312,199999999999989;86,250000000000000;
68;10719;50166;-119,730000000000004;-116,900000000000006;-123,500000000000000;2,130000000000000;1006,3385620
69;10720;50169;-112,099999999999994;-102,599999999999994;-120,599999999999994;6,980000000000000;
70;10721;50171;-87,840000000000003;-30,100000000000001;-141,699999999999989;47,939999999999998;
71;10722;50179;-62,250000000000000;-53,100000000000001;-85,700000000000003;10,789999999999999;
72;10723;50180;-151,069999999999993;-129,400000000000006;-168,199999999999989;13,449999999999999;
73;10724;50181;-274,430000000000007;-72,200000000000003;-435,500000000000000;145,189999999999998;
74;10725;50185;-217,620000000000005;-106,000000000000000;-310,899999999999977;90,370000000000005;
75;10726;50187;-140,780000000000001;-114,299999999999997;-158,800000000000011;15,600000000000000;964,9980469
76;10727;50188;-78,099999999999994;-28,000000000000000;-132,199999999999989;43,469999999999999;963,5598145
77;10728;50193;-67,569999999999993;-55,200000000000003;-74,200000000000003;6,540000000000000;
78;10729;50194;-118,620000000000005;-109,299999999999997;-127,599999999999994;5,610000000000000;
79;10730;50196;-56,520000000000003;-18,199999999999999;-95,099999999999994;19,539999999999999;
80;10731;50197;-57,390000000000001;-10,600000000000000;-84,200000000000003;19,500000000000000;
81;10732;50199;-69,620000000000005;-26,300000000000001;-134,400000000000006;39,509999999999998;
82;10733;50200;-89,090000000000003;-48,000000000000000;-113,299999999999997;22,559999999999999;
83;10734;50201;-63,770000000000003;-24,600000000000001;-86,299999999999997;20,989999999999998;
84;10735;50202;-93,129999999999995;-28,000000000000000;-202,699999999999989;60,930000000000000;
85;10736;50203;-136,939999999999998;-37,399999999999999;-576,899999999999977;152,669999999999987;
86;10737;50204;-105,319999999999993;-11,000000000000000;-338,800000000000011;93,390000000000001;
87;10738;50205;-88,549999999999997;-8,900000000000000;-167,500000000000000;60,590000000000003;
88;10739;50206;-107,930000000000007;-36,200000000000003;-248,699999999999989;65,659999999999997;
89;10740;50207;-108,469999999999999;-14,800000000000001;-275,899999999999977;89,290000000000006;
90;10741;50208;-66,909999999999997;-12,000000000000000;-147,000000000000000;48,219999999999999;
91;10742;50209;-189,800000000000011;-9,000000000000000;-797,399999999999977;283,610000000000014;
92;10743;50210;-62,479999999999997;-3,400000000000000;-151,400000000000006;49,960000000000001;
93;10744;50211;-199,250000000000000;-18,699999999999999;-529,899999999999977;192,159999999999997;
94;10745;50212;-235,979999999999990;-32,799999999999997;-661,100000000000023;228,360000000000014;
95;10746;50213;-122,709999999999994;-25,899999999999999;-175,599999999999994;47,500000000000000;
96;10747;50214;-86,709999999999994;-20,000000000000000;-323,199999999999989;91,620000000000005;
97;10748;50215;-81,900000000000006;-31,500000000000000;-291,100000000000023;80,090000000000003;
98;10749;50216;-50,000000000000000;-27,800000000000001;-66,799999999999997;13,449999999999999;
99;10750;50217;-82,280000000000001;-1,000000000000000;-267,000000000000000;93,049999999999997;
100;10751;50218;-135,860000000000014;-5,600000000000000;-469,899999999999977;187,479999999999990;
101;10752;50219;-50,549999999999997;-17,399999999999999;-83,299999999999997;25,690000000000001;
102;10753;50220;-259,649999999999977;-9,100000000000000;-1076,599999999999909;358,259999999999991;
103;10754;50221;-89,290000000000006;-3,000000000000000;-289,300000000000011;85,579999999999998;
104;10755;50222;-50,200000000000003;-5,300000000000000;-115,500000000000000;41,329999999999998;
105;10756;50223;-79,980000000000004;-7,900000000000000;-172,699999999999989;55,930000000000000;
106;10757;50224;-309,970000000000027;-4,200000000000000;-996,500000000000000;425,829999999999984;
107;10758;50225;-64,109999999999999;-9,300000000000001;-128,599999999999994;35,430000000000000;
108;10759;50226;-303,490000000000009;-2,600000000000000;-1200,900000000000091;476,519999999999982;
109;10760;50227;-440,889999999999986;-1,400000000000000;-1713,299999999999955;638,799999999999955;
110;10761;50228;-51,340000000000003;-22,100000000000001;-106,200000000000003;26,949999999999999;
111;10762;50229;-40,840000000000003;-8,100000000000000;-70,700000000000003;23,539999999999999;
112;10763;50230;-53,829999999999998;-9,199999999999999;-89,400000000000006;24,879999999999999;
113;10764;50231;-114,040000000000006;-14,300000000000001;-348,000000000000000;111,790000000000006;
114;10765;50232;-206,039999999999992;-3,900000000000000;-1354,599999999999909;355,220000000000027;
115;10766;50233;-52,630000000000003;-7,500000000000000;-99,200000000000003;30,690000000000001;
116;10767;50234;-69,260000000000005;-6,700000000000000;-154,599999999999994;39,479999999999997;
117;10768;50235;-92,209999999999994;-6,300000000000000;-471,500000000000000;128,259999999999991;
118;10769;50236;-86,310000000000002;-0,300000000000000;-267,199999999999989;81,530000000000001;
119;10770;50237;-132,430000000000007;-10,000000000000000;-445,899999999999977;126,250000000000000;
120;10771;50238;-74,700000000000003;-18,100000000000001;-143,199999999999989;47,920000000000002;
121;10772;50239;-53,990000000000002;-7,400000000000000;-101,099999999999994;26,010000000000002;
122;10773;50240;-399,199999999999989;-28,500000000000000;-908,299999999999955;413,000000000000000;
123;10774;50241;-150,699999999999989;12,800000000000001;-527,299999999999955;185,770000000000010;
124;10775;50242;-14,310000000000000;5,100000000000000;-35,700000000000003;13,380000000000001;
125;10776;50243;-279,250000000000000;3,700000000000000;-1093,599999999999909;462,350000000000023;
126;10777;50244;-191,879999999999995;2,200000000000000;-553,700000000000045;248,169999999999987;
127;10778;50245;-143,639999999999986;-8,199999999999999;-766,600000000000023;254,750000000000000;
128;10779;50246;-92,170000000000002;-10,300000000000001;-235,199999999999989;75,170000000000002;
129;10780;50247;-351,100000000000023;0,500000000000000;-1466,400000000000091;555,450000000000045;
130;10781;50248;-220,030000000000001;-20,100000000000001;-421,000000000000000;168,599999999999994;
131;10782;50249;-160,599999999999994;-148,300000000000011;-172,900000000000006;12,300000000000001;
132;10783;50250;-60,399999999999999;-53,000000000000000;-67,799999999999997;7,400000000000000;
133;10784;50253;-245,370000000000005;-14,000000000000000;-666,000000000000000;266,050000000000011;
134;10785;50254;-179,030000000000001;-3,400000000000000;-392,899999999999977;123,180000000000007;
135;10786;50255;-80,129999999999995;-54,700000000000003;-102,799999999999997;20,949999999999999;
136;10787;50256;-198,699999999999989;-21,100000000000001;-378,399999999999977;168,569999999999993;
137;10788;50258;-43,020000000000003;-19,800000000000001;-71,200000000000003;18,699999999999999;
138;10789;50259;-28,899999999999999;11,699999999999999;-98,099999999999994;44,350000000000001;
139;10790;50261;-117,590000000000003;-16,300000000000001;-447,199999999999989;153,659999999999997;
140;10791;50262;-39,899999999999999;-1,200000000000000;-73,299999999999997;26,260000000000002;
141;10792;50265;-65,049999999999997;5,500000000000000;-110,400000000000006;35,740000000000002;
142;10793;50266;-88,310000000000002;-7,500000000000000;-402,000000000000000;135,060000000000002;
143;10794;50267;-11,150000000000000;5,600000000000000;-38,500000000000000;15,320000000000000;
144;10795;50268;-1,980000000000000;13,100000000000000;-27,800000000000001;15,140000000000001;
145;10796;50269;-35,310000000000002;8,900000000000000;-77,900000000000006;21,809999999999999;
146;10797;50270;-68,519999999999996;-40,500000000000000;-186,300000000000011;52,740000000000002;
147;10798;50271;-90,439999999999998;-0,600000000000000;-190,599999999999994;75,900000000000006;
148;10799;50272;-82,959999999999994;-4,100000000000000;-309,899999999999977;103,010000000000005;
149;10800;50273;-43,509999999999998;-32,100000000000001;-68,500000000000000;11,300000000000001;
150;10801;50274;-88,750000000000000;-7,100000000000000;-533,200000000000045;151,150000000000006;
151;10802;50275;-56,020000000000003;-1,600000000000000;-111,200000000000003;45,469999999999999;
152;10803;50276;-392,199999999999989;-244,599999999999994;-811,000000000000000;241,889999999999986;
153;10804;50284;-75,599999999999994;-14,199999999999999;-145,400000000000006;50,659999999999997;
154;10805;50285;-130,629999999999995;-25,899999999999999;-397,899999999999977;147,020000000000010;
155;10806;50288;-384,600000000000023;-186,000000000000000;-583,200000000000045;198,599999999999994;
156;10807;50290;-76,500000000000000;-14,400000000000000;-210,300000000000011;73,450000000000003;
157;10808;50291;-142,469999999999999;-18,500000000000000;-1117,799999999999955;295,949999999999989;
158;10809;50293;-98,560000000000002;-5,100000000000000;-322,100000000000023;124,750000000000000;
159;10810;50296;-55,759999999999998;-6,900000000000000;-141,400000000000006;49,460000000000001;
160;10811;50298;-71,450000000000003;-10,600000000000000;-167,699999999999989;53,070000000000000;
161;10812;50299;-42,159999999999997;-18,699999999999999;-81,599999999999994;19,449999999999999;
162;10813;50300;-20,629999999999999;7,300000000000000;-128,900000000000006;44,960000000000001;
163;10814;50301;-66,140000000000001;-15,000000000000000;-120,400000000000006;33,600000000000001;
164;10815;50302;-132,469999999999999;0,800000000000000;-485,500000000000000;160,180000000000007;
165;10816;50303;-372,379999999999995;-34,100000000000001;-1374,000000000000000;511,149999999999977;
166;10817;50304;-148,629999999999995;-27,399999999999999;-489,800000000000011;176,669999999999987;
167;10818;50305;-59,430000000000000;-43,200000000000003;-95,599999999999994;13,890000000000001;
168;10819;50306;-54,180000000000000;-14,400000000000000;-93,099999999999994;24,579999999999998;816,9309082
169;10820;50310;-191,800000000000011;4,100000000000000;-916,399999999999977;328,550000000000011;
170;10821;50311;-40,159999999999997;2,500000000000000;-96,599999999999994;38,789999999999999;
171;10822;50313;-284,870000000000005;5,400000000000000;-1279,700000000000045;530,139999999999986;
172;10823;50314;-50,000000000000000;5,400000000000000;-115,099999999999994;42,070000000000000;
173;10824;50315;-5,500000000000000;2,100000000000000;-12,800000000000001;6,090000000000000;
174;10825;50316;-26,100000000000001;-26,100000000000001;-26,100000000000001;0,000000000000000;
175;10826;50317;-59,579999999999998;-31,199999999999999;-90,500000000000000;22,190000000000001;
176;10827;50318;-51,850000000000001;-5,700000000000000;-105,400000000000006;26,430000000000000;
177;10828;50319;-27,879999999999999;3,500000000000000;-44,700000000000003;19,070000000000000;
178;10829;50320;-216,110000000000014;-14,800000000000001;-752,700000000000045;266,009999999999991;
179;10830;50321;-16,930000000000000;-2,500000000000000;-34,799999999999997;14,630000000000001;
180;10831;50322;-1,030000000000000;3,800000000000000;-6,700000000000000;4,330000000000000;
181;10832;50323;-62,509999999999998;-42,299999999999997;-94,500000000000000;15,980000000000000;
182;10833;50324;-95,140000000000001;-47,799999999999997;-173,699999999999989;45,719999999999999;
183;10834;50325;-57,990000000000002;-15,000000000000000;-116,099999999999994;35,990000000000002;
184;10835;50326;-79,650000000000006;-28,300000000000001;-158,900000000000006;40,250000000000000;
185;10836;50327;-53,869999999999997;-22,800000000000001;-68,900000000000006;14,539999999999999;
186;10837;50328;-59,070000000000000;-22,300000000000001;-80,200000000000003;21,600000000000001;
187;10838;50329;-77,849999999999994;-45,500000000000000;-89,500000000000000;15,230000000000000;
188;10839;50330;-5,600000000000000;1,500000000000000;-18,699999999999999;9,270000000000000;
189;10840;50331;-11,449999999999999;-5,800000000000000;-17,100000000000001;5,650000000000000;
190;10841;50332;-20,649999999999999;3,100000000000000;-37,600000000000001;14,859999999999999;
191;10842;50333;-56,420000000000002;-45,799999999999997;-73,599999999999994;9,990000000000000;
192;10843;50334;-143,180000000000007;-45,700000000000003;-212,400000000000006;64,689999999999998;
193;10844;50335;-169,270000000000010;-69,700000000000003;-354,000000000000000;130,759999999999991;
194;10845;50337;-91,299999999999997;-44,000000000000000;-177,699999999999989;47,439999999999998;
195;10846;50338;-75,129999999999995;-32,000000000000000;-173,099999999999994;43,399999999999999;
196;10847;50340;-396,129999999999995;-192,699999999999989;-658,200000000000045;193,849999999999994;
197;10848;50341;-23,600000000000001;-6,300000000000000;-49,600000000000001;14,449999999999999;
198;10849;50342;-220,270000000000010;-33,000000000000000;-419,300000000000011;157,930000000000007;
199;10850;50343;-113,969999999999999;-52,399999999999999;-177,599999999999994;53,109999999999999;
200;10851;50347;-176,979999999999990;-42,799999999999997;-447,699999999999989;153,659999999999997;
201;10852;50348;-123,299999999999997;-36,799999999999997;-163,500000000000000;40,149999999999999;
202;10853;50351;-124,340000000000003;-14,900000000000000;-259,500000000000000;81,349999999999994;
203;10854;50352;-208,960000000000008;10,800000000000001;-733,100000000000023;218,879999999999995;
204;10855;50353;-30,500000000000000;-17,300000000000001;-44,100000000000001;10,940000000000000;
205;10856;50355;-22,899999999999999;-1,200000000000000;-38,399999999999999;15,920000000000000;
206;10857;50356;-54,840000000000003;-27,600000000000001;-94,400000000000006;23,300000000000001;
207;10858;50357;-52,899999999999999;-45,399999999999999;-59,100000000000001;5,770000000000000;
208;10859;50358;-138,780000000000001;-59,899999999999999;-278,899999999999977;76,890000000000001;
209;10860;50360;-27,460000000000001;-14,900000000000000;-45,700000000000003;8,900000000000000;
210;10861;50362;-269,759999999999991;-38,299999999999997;-967,700000000000045;364,410000000000025;
211;10862;50363;-39,079999999999998;-6,400000000000000;-64,400000000000006;24,170000000000002;780,3048096
212;10863;50364;-49,530000000000001;-6,400000000000000;-160,500000000000000;55,570000000000000;772,6524048
213;10864;50365;-61,270000000000003;-25,199999999999999;-132,099999999999994;50,090000000000003;
214;10865;50367;-41,579999999999998;5,600000000000000;-115,099999999999994;45,780000000000001;
215;10866;50368;-263,240000000000009;-10,400000000000000;-612,000000000000000;273,089999999999975;748,6418457
216;10867;50369;-151,030000000000001;9,100000000000000;-423,600000000000023;193,719999999999999;
217;10868;50371;-61,460000000000001;-12,400000000000000;-213,599999999999994;77,640000000000001;
218;10869;50373;-151,099999999999994;-151,099999999999994;-151,099999999999994;0,000000000000000;
219;10870;50379;-75,890000000000001;-3,200000000000000;-212,900000000000006;81,989999999999995;
220;10871;50381;-113,370000000000005;4,300000000000000;-221,400000000000006;92,390000000000001;
221;10872;50382;-164,099999999999994;-164,099999999999994;-164,099999999999994;0,000000000000000;
222;10873;50383;-56,899999999999999;-12,400000000000000;-157,599999999999994;58,579999999999998;
223;10874;50384;-225,080000000000013;-2,200000000000000;-475,600000000000023;176,840000000000003;
224;10875;50385;-67,280000000000001;-15,100000000000000;-156,900000000000006;52,090000000000003;
225;10876;50386;-114,450000000000003;-5,200000000000000;-304,899999999999977;86,260000000000005;
226;10877;50387;-19,719999999999999;-10,800000000000001;-30,899999999999999;7,680000000000000;
227;10878;50388;-337,829999999999984;-24,100000000000001;-1457,400000000000091;505,339999999999975;
228;10879;50389;-287,629999999999995;-52,899999999999999;-836,899999999999977;259,839999999999975;
229;10880;50390;-22,629999999999999;-20,199999999999999;-24,899999999999999;1,920000000000000;
230;10881;50393;-223,689999999999998;-86,099999999999994;-768,899999999999977;227,520000000000010;
231;10882;50394;-259,430000000000007;-0,200000000000000;-671,299999999999955;231,539999999999992;
232;10883;50395;-163,129999999999995;-47,700000000000003;-572,600000000000023;169,509999999999991;
233;10884;50401;-74,079999999999998;-10,900000000000000;-256,800000000000011;89,170000000000002;
234;10885;50412;-117,370000000000005;3,500000000000000;-510,199999999999989;159,050000000000011;
235;10886;50413;-42,340000000000003;-2,700000000000000;-134,900000000000006;37,680000000000000;
236;10887;50417;-87,790000000000006;-13,699999999999999;-275,500000000000000;100,769999999999996;
237;10888;50418;-140,349999999999994;-106,299999999999997;-158,199999999999989;20,090000000000000;
238;10889;50420;-32,850000000000001;-9,199999999999999;-78,099999999999994;22,250000000000000;774,4661865
239;10890;50422;-62,520000000000003;16,800000000000001;-272,899999999999977;80,890000000000001;
240;10891;50423;-83,680000000000007;7,700000000000000;-300,000000000000000;94,439999999999998;
241;10892;50427;-50,130000000000003;-31,699999999999999;-60,500000000000000;11,170000000000000;
242;10893;50429;-38,329999999999998;-26,000000000000000;-47,399999999999999;9,039999999999999;
243;10894;50434;-58,229999999999997;-5,100000000000000;-103,900000000000006;44,750000000000000;
244;10895;50436;-69,930000000000007;1,700000000000000;-147,599999999999994;59,009999999999998;
245;10896;50439;-67,150000000000006;-66,200000000000003;-68,099999999999994;0,950000000000000;
246;10897;50440;-159,000000000000000;-91,200000000000003;-198,699999999999989;39,539999999999999;
247;10898;50441;-153,430000000000007;-19,899999999999999;-305,500000000000000;83,930000000000007;
248;10899;50442;-179,370000000000005;-18,600000000000001;-392,800000000000011;126,540000000000006;
249;10900;50443;-289,670000000000016;-204,300000000000011;-599,399999999999977;140,039999999999992;
250;10901;50444;-59,750000000000000;-21,600000000000001;-140,300000000000011;47,189999999999998;
251;10902;50445;-173,039999999999992;-39,500000000000000;-469,600000000000023;137,439999999999998;
252;10903;50446;-244,030000000000001;-11,699999999999999;-578,700000000000045;203,620000000000005;
253;10904;50447;-150,990000000000009;-49,700000000000003;-515,399999999999977;138,780000000000001;
254;10905;50448;-167,849999999999994;-20,000000000000000;-475,000000000000000;140,919999999999987;
255;10906;50449;-178,849999999999994;-37,799999999999997;-516,799999999999955;160,860000000000014;
256;10907;50450;-35,100000000000001;-20,000000000000000;-65,700000000000003;12,710000000000001;
257;10908;50451;-74,510000000000005;-54,299999999999997;-90,500000000000000;12,940000000000000;
258;10909;50452;-163,319999999999993;-42,500000000000000;-762,200000000000045;213,590000000000003;
259;10910;50453;-221,400000000000006;-0,900000000000000;-690,899999999999977;232,400000000000006;
260;10911;50454;-191,199999999999989;4,900000000000000;-372,699999999999989;155,840000000000003;
261;10912;50455;-183,969999999999999;-8,000000000000000;-417,500000000000000;158,689999999999998;
262;10913;50456;-193,110000000000014;-38,799999999999997;-919,700000000000045;263,569999999999993;
263;10914;50457;-148,150000000000006;-63,299999999999997;-252,900000000000006;75,730000000000004;
264;10915;50458;-328,259999999999991;-21,500000000000000;-1067,099999999999909;356,509999999999991;
265;10916;50459;-230,770000000000010;-2,800000000000000;-633,399999999999977;193,159999999999997;
266;10917;50460;-397,579999999999984;-77,599999999999994;-811,000000000000000;284,069999999999993;
267;10918;50461;-262,899999999999977;-22,699999999999999;-644,899999999999977;201,259999999999991;
268;10919;50462;-226,280000000000001;-45,399999999999999;-466,600000000000023;148,069999999999993;
269;10920;50463;-197,990000000000009;-26,199999999999999;-569,899999999999977;200,539999999999992;
270;10921;50464;-154,099999999999994;-4,700000000000000;-359,399999999999977;112,920000000000002;
271;10922;50465;-76,359999999999999;-32,399999999999999;-113,099999999999994;31,100000000000001;
272;10923;50471;-65,489999999999995;-21,600000000000001;-187,400000000000006;51,590000000000003;
273;10924;50480;-54,950000000000003;27,800000000000001;-392,800000000000011;115,980000000000004;
274;10925;50482;-209,259999999999991;-2,100000000000000;-436,699999999999989;157,729999999999990;
275;10926;50484;-61,259999999999998;-0,800000000000000;-146,900000000000006;39,409999999999997;
276;10927;50487;-19,000000000000000;-6,900000000000000;-31,100000000000001;12,100000000000000;
277;10928;50489;-69,780000000000001;-9,199999999999999;-127,400000000000006;44,229999999999997;
278;10929;50491;-112,099999999999994;-22,699999999999999;-338,699999999999989;113,500000000000000;784,0543213
279;10930;50492;-28,559999999999999;-6,400000000000000;-68,799999999999997;15,949999999999999;
280;10931;50493;-82,939999999999998;-42,799999999999997;-153,699999999999989;44,520000000000003;
281;10932;50494;-56,710000000000001;11,600000000000000;-171,599999999999994;47,640000000000001;
282;10933;50495;-55,600000000000001;-14,500000000000000;-98,299999999999997;27,250000000000000;
283;10934;50496;-24,170000000000002;-14,400000000000000;-41,799999999999997;12,490000000000000;
284;10935;50497;-49,030000000000001;-41,799999999999997;-53,000000000000000;4,280000000000000;
285;10936;50498;-59,950000000000003;-44,899999999999999;-71,299999999999997;9,940000000000000;
286;10937;50499;-136,889999999999986;-1,200000000000000;-230,199999999999989;76,730000000000004;
287;10938;50500;-54,799999999999997;-49,100000000000001;-60,200000000000003;4,660000000000000;
288;10939;50501;-164,620000000000005;-4,000000000000000;-516,600000000000023;151,770000000000010;
289;10940;50502;-128,199999999999989;-4,100000000000000;-629,899999999999977;172,280000000000001;
290;10941;50503;-116,739999999999995;-26,399999999999999;-249,699999999999989;80,340000000000003;
291;10942;50506;-139,409999999999997;-1,900000000000000;-280,800000000000011;85,170000000000002;783,4192505
292;10943;50507;-146,680000000000007;-55,100000000000001;-302,000000000000000;84,609999999999999;
293;10944;50508;-119,469999999999999;-31,000000000000000;-215,000000000000000;59,460000000000001;797,3101807
294;10945;50509;-113,060000000000002;-38,399999999999999;-198,400000000000006;54,780000000000001;797,2390747
295;10946;50511;-113,060000000000002;-6,200000000000000;-177,300000000000011;52,130000000000003;
296;10947;50512;-98,500000000000000;-9,800000000000001;-210,099999999999994;61,689999999999998;
297;10948;50514;-113,519999999999996;-1,000000000000000;-212,900000000000006;81,189999999999998;1032,5194092
298;10949;50516;-157,159999999999997;-2,800000000000000;-270,199999999999989;103,489999999999995;
299;10950;50517;-11,949999999999999;59,600000000000001;-141,699999999999989;63,979999999999997;
300;10951;50522;-63,560000000000002;-14,699999999999999;-92,700000000000003;28,309999999999999;
301;10952;50540;-12,800000000000001;-6,900000000000000;-18,000000000000000;4,340000000000000;
302;10953;50553;3,750000000000000;16,100000000000001;-8,600000000000000;12,350000000000000;
303;10954;50555;-33,700000000000003;-33,700000000000003;-33,700000000000003;0,000000000000000;890,8637695
304;10955;50558;-74,099999999999994;-74,099999999999994;-74,099999999999994;0,000000000000000;
305;10956;50559;-62,100000000000001;-62,100000000000001;-62,100000000000001;0,000000000000000;
306;10957;50583;-111,230000000000004;-30,100000000000001;-176,400000000000006;56,200000000000003;
307;10958;50584;-58,299999999999997;-58,299999999999997;-58,299999999999997;0,000000000000000;
308;10959;50590;-141,780000000000001;-63,399999999999999;-300,500000000000000;77,370000000000005;
309;10960;50591;-104,760000000000005;-50,399999999999999;-180,400000000000006;42,380000000000003;
310;10961;50592;-231,319999999999993;-184,699999999999989;-284,600000000000023;35,299999999999997;
311;10962;50593;-60,250000000000000;-51,100000000000001;-69,400000000000006;9,150000000000000;
312;10963;50594;-8,650000000000000;0,200000000000000;-16,600000000000001;5,960000000000000;
313;10964;50595;-44,399999999999999;-21,000000000000000;-67,599999999999994;18,879999999999999;
314;10965;50597;5,030000000000000;27,300000000000001;-33,899999999999999;16,489999999999998;
315;10966;50598;-75,150000000000006;-75,099999999999994;-75,200000000000003;0,050000000000000;
316;10967;50599;-57,600000000000001;-57,600000000000001;-57,600000000000001;0,000000000000000;
317;10968;50600;-67,170000000000002;-46,700000000000003;-89,700000000000003;15,430000000000000;
318;10969;50604;-59,350000000000001;-59,299999999999997;-59,399999999999999;0,050000000000000;
319;10970;50605;-341,670000000000016;-82,900000000000006;-497,399999999999977;165,370000000000005;
320;10971;50606;-105,079999999999998;-62,000000000000000;-198,599999999999994;48,149999999999999;
321;10972;50607;-156,500000000000000;-11,100000000000000;-340,000000000000000;101,010000000000005;
322;10973;50608;-161,789999999999992;-66,099999999999994;-371,600000000000023;80,129999999999995;
323;10974;50609;-189,919999999999987;-85,200000000000003;-392,000000000000000;112,640000000000001;
324;10975;50610;-131,400000000000006;-52,200000000000003;-255,400000000000006;81,959999999999994;
325;10976;50611;-41,079999999999998;-3,100000000000000;-80,500000000000000;27,410000000000000;
326;10977;50612;-71,900000000000006;-54,899999999999999;-106,200000000000003;16,680000000000000;
327;10978;50619;-85,739999999999995;-12,199999999999999;-169,199999999999989;55,380000000000003;926,9603882
328;10979;50620;-86,989999999999995;-11,300000000000001;-148,099999999999994;34,590000000000003;
329;10980;50621;-114,500000000000000;-20,699999999999999;-168,500000000000000;56,119999999999997;
330;10981;50622;-69,230000000000004;-19,199999999999999;-173,800000000000011;45,820000000000000;
331;10982;50626;-184,520000000000010;-14,199999999999999;-336,199999999999989;92,629999999999995;
332;10983;50627;-282,810000000000002;-3,300000000000000;-678,200000000000045;248,060000000000002;823,6062012
333;10984;50628;-9,699999999999999;-9,699999999999999;-9,699999999999999;0,000000000000000;
334;10985;50629;-120,530000000000001;-50,100000000000001;-291,300000000000011;86,030000000000001;
335;10986;50630;-83,170000000000002;-31,500000000000000;-146,000000000000000;48,439999999999998;
336;10987;50637;-38,299999999999997;-33,899999999999999;-42,700000000000003;4,400000000000000;
337;10988;50639;-71,799999999999997;-30,800000000000001;-118,900000000000006;33,719999999999999;
338;10989;50640;-225,930000000000007;-49,299999999999997;-556,200000000000045;154,930000000000007;626,6416016
339;10990;50641;-170,770000000000010;-5,600000000000000;-405,600000000000023;157,909999999999997;696,7312622
340;10991;50642;-409,579999999999984;-60,799999999999997;-755,200000000000045;259,980000000000018;764,8020020
341;10992;50643;-223,719999999999999;-44,500000000000000;-597,899999999999977;190,379999999999995;680,1559448
342;10993;50644;-235,909999999999997;-29,000000000000000;-857,299999999999955;239,860000000000014;707,2197876
343;10994;50645;-248,180000000000007;-61,799999999999997;-583,100000000000023;202,009999999999991;806,3943481
344;10995;50646;-193,030000000000001;-93,400000000000006;-418,199999999999989;103,730000000000004;746,2138672
345;10996;50648;-144,189999999999998;-7,100000000000000;-367,600000000000023;89,879999999999995;790,1163330
346;10997;50649;-323,879999999999995;-49,000000000000000;-917,799999999999955;230,210000000000008;750,7524414
347;10998;50650;-357,069999999999993;-70,900000000000006;-638,700000000000045;199,180000000000007;853,8485107
348;10999;50651;-222,580000000000013;-58,100000000000001;-565,399999999999977;165,560000000000002;
349;11000;50652;-281,730000000000018;-26,800000000000001;-741,000000000000000;227,469999999999999;
350;11001;50653;-206,419999999999987;-47,399999999999999;-410,100000000000023;98,840000000000003;913,4692383
351;11002;50654;-164,370000000000005;-40,299999999999997;-266,000000000000000;69,459999999999994;915,9407349
352;11003;50655;-157,680000000000007;-32,600000000000001;-311,100000000000023;106,840000000000003;917,8971558
353;11004;50656;-135,740000000000009;-66,700000000000003;-300,300000000000011;68,450000000000003;919,5116577
354;11005;50657;-171,569999999999993;-62,200000000000003;-336,300000000000011;87,310000000000002;
355;11006;50659;-137,449999999999989;-38,399999999999999;-323,800000000000011;72,810000000000002;
356;11007;50660;-113,480000000000004;-14,199999999999999;-239,199999999999989;74,769999999999996;
357;11008;50661;-65,379999999999995;-17,000000000000000;-94,000000000000000;29,320000000000000;
358;11009;50663;-125,980000000000004;-5,400000000000000;-173,800000000000011;46,200000000000003;
359;11010;50670;-70,670000000000002;-45,600000000000001;-79,500000000000000;11,550000000000001;
360;11011;50671;-77,019999999999996;-21,899999999999999;-124,000000000000000;34,939999999999998;
361;11012;50672;-36,500000000000000;-10,900000000000000;-60,600000000000001;20,100000000000001;
362;11013;50673;-36,850000000000001;-29,500000000000000;-44,200000000000003;7,350000000000000;
363;11014;50676;-72,590000000000003;-26,899999999999999;-100,200000000000003;29,180000000000000;
364;11015;50677;-95,340000000000003;-35,000000000000000;-190,800000000000011;40,240000000000002;
365;11016;50678;-114,409999999999997;-27,100000000000001;-267,399999999999977;80,739999999999995;867,4801636
366;11017;50679;-215,979999999999990;-78,099999999999994;-426,699999999999989;118,069999999999993;
367;11018;50683;-50,109999999999999;1,300000000000000;-304,100000000000023;67,650000000000006;
368;11019;50687;-33,020000000000003;-8,800000000000001;-76,000000000000000;22,350000000000001;
369;11020;50723;-24,719999999999999;8,199999999999999;-47,600000000000001;18,780000000000001;
370;11021;50724;-26,140000000000001;-10,000000000000000;-47,299999999999997;16,480000000000000;
371;11022;50725;-67,200000000000003;-8,300000000000001;-89,099999999999994;29,899999999999999;
372;11023;50726;-19,129999999999999;-8,600000000000000;-30,399999999999999;10,160000000000000;
373;11024;50728;-26,390000000000001;-15,699999999999999;-41,299999999999997;8,810000000000000;
374;11025;50730;-40,079999999999998;-1,100000000000000;-78,200000000000003;37,880000000000003;
375;11026;50734;-52,680000000000000;-0,700000000000000;-139,699999999999989;55,270000000000003;
376;11027;50735;-1,450000000000000;-1,100000000000000;-1,800000000000000;0,350000000000000;
377;11028;50736;-64,120000000000005;-27,699999999999999;-92,200000000000003;22,079999999999998;
378;11029;50737;-31,430000000000000;-12,600000000000000;-49,100000000000001;11,789999999999999;
379;11030;50738;-8,000000000000000;-3,600000000000000;-12,400000000000000;4,400000000000000;
380;11031;50740;-1,850000000000000;14,100000000000000;-17,800000000000001;15,949999999999999;
381;11032;50744;-129,270000000000010;-3,400000000000000;-242,199999999999989;89,900000000000006;
382;11033;50749;-140,889999999999986;-7,600000000000000;-231,800000000000011;81,609999999999999;
383;11034;50750;-102,459999999999994;-40,799999999999997;-190,500000000000000;56,280000000000001;
384;11035;50751;-198,900000000000006;-2,800000000000000;-704,100000000000023;234,270000000000010;
385;11036;50752;-58,350000000000001;-3,500000000000000;-107,700000000000003;46,570000000000000;
386;11037;50753;-103,790000000000006;-1,800000000000000;-331,399999999999977;112,010000000000005;
387;11038;50756;-72,989999999999995;-2,000000000000000;-182,699999999999989;70,420000000000002;
388;11039;50761;-33,450000000000003;0,600000000000000;-111,700000000000003;33,990000000000002;
389;11040;50762;-18,800000000000001;-6,700000000000000;-30,899999999999999;12,100000000000000;
390;11041;50767;-101,430000000000007;-32,600000000000001;-227,599999999999994;67,920000000000002;
391;11042;50770;-65,750000000000000;-19,100000000000001;-180,000000000000000;47,439999999999998;
392;11043;50776;-45,869999999999997;-6,500000000000000;-89,200000000000003;23,690000000000001;
393;11044;50777;-126,780000000000001;-41,000000000000000;-199,199999999999989;66,989999999999995;
394;11045;50781;-1,900000000000000;2,000000000000000;-5,900000000000000;3,230000000000000;
395;11046;50784;-112,370000000000005;-57,799999999999997;-183,199999999999989;54,770000000000003;
396;11047;50785;-66,900000000000006;-28,800000000000001;-131,199999999999989;31,930000000000000;
397;11048;50786;-53,979999999999997;-6,200000000000000;-95,099999999999994;31,520000000000000;
398;11049;50787;-140,879999999999995;-14,699999999999999;-418,300000000000011;130,090000000000003;
399;11050;50788;-105,620000000000005;-22,500000000000000;-168,099999999999994;51,450000000000003;
400;11051;50789;-131,020000000000010;-41,700000000000003;-280,600000000000023;82,530000000000001;
401;11052;50790;-77,189999999999998;-39,399999999999999;-115,599999999999994;25,090000000000000;
402;11053;50791;-111,299999999999997;-28,899999999999999;-222,500000000000000;62,240000000000002;
403;11054;50792;-100,189999999999998;-64,299999999999997;-176,400000000000006;36,689999999999998;
404;11055;50793;-123,989999999999995;-4,500000000000000;-329,100000000000023;95,609999999999999;
405;11056;50794;-46,119999999999997;-10,900000000000000;-70,900000000000006;19,590000000000000;
406;11057;50795;-54,500000000000000;-1,800000000000000;-119,400000000000006;36,380000000000003;
407;11058;50798;-65,959999999999994;-3,400000000000000;-159,699999999999989;44,859999999999999;
408;11059;50799;-79,129999999999995;-8,100000000000000;-182,099999999999994;45,820000000000000;
409;11060;50800;-75,930000000000007;-58,600000000000001;-138,099999999999994;28,050000000000001;
410;11061;50802;-77,480000000000004;-44,799999999999997;-105,599999999999994;20,920000000000002;
411;11062;50803;-47,500000000000000;-47,500000000000000;-47,500000000000000;0,000000000000000;
412;11063;50804;-39,750000000000000;-19,399999999999999;-60,899999999999999;15,670000000000000;
413;11064;50805;1,200000000000000;3,000000000000000;0,300000000000000;1,270000000000000;
414;11065;50806;-17,660000000000000;1,700000000000000;-40,200000000000003;16,149999999999999;
415;11066;50807;-102,329999999999998;-66,299999999999997;-138,400000000000006;34,850000000000001;
416;11067;50808;-22,930000000000000;3,100000000000000;-80,299999999999997;25,890000000000001;
417;11068;50809;-93,129999999999995;0,600000000000000;-186,099999999999994;61,869999999999997;
418;11069;50810;-55,810000000000002;-19,000000000000000;-113,299999999999997;30,640000000000001;
419;11070;50811;-20,399999999999999;3,600000000000000;-47,399999999999999;18,210000000000001;
420;11071;50823;-64,659999999999997;-7,400000000000000;-111,000000000000000;44,920000000000002;
421;11072;50826;2,200000000000000;2,200000000000000;2,200000000000000;0,000000000000000;
422;11073;50827;-85,599999999999994;-42,899999999999999;-260,000000000000000;66,340000000000003;
423;11074;50828;-62,030000000000001;-39,000000000000000;-85,200000000000003;16,219999999999999;
424;11075;50829;-98,049999999999997;-13,800000000000001;-245,400000000000006;63,310000000000002;
425;11076;50830;-77,359999999999999;-25,699999999999999;-178,199999999999989;46,020000000000003;
426;11077;50831;-43,899999999999999;-8,199999999999999;-146,099999999999994;39,579999999999998;
427;11078;50833;-30,570000000000000;-8,800000000000001;-59,700000000000003;17,710000000000001;
428;11079;50834;-37,859999999999999;-1,000000000000000;-55,700000000000003;19,820000000000000;
429;11080;50835;-130,550000000000011;-66,299999999999997;-217,199999999999989;59,850000000000001;
430;11081;50836;-81,719999999999999;-62,500000000000000;-108,200000000000003;13,440000000000000;
431;11082;50845;-34,469999999999999;-7,000000000000000;-54,799999999999997;19,320000000000000;
432;11083;50846;-108,189999999999998;25,500000000000000;-272,300000000000011;81,700000000000003;
433;11084;50848;-54,049999999999997;-30,800000000000001;-73,299999999999997;13,150000000000000;
434;11085;50849;-62,759999999999998;-18,899999999999999;-120,700000000000003;36,189999999999998;
435;11086;50852;-56,799999999999997;-27,199999999999999;-88,400000000000006;24,910000000000000;
436;11087;50853;-47,909999999999997;3,700000000000000;-86,799999999999997;27,160000000000000;
437;11088;50854;-20,250000000000000;-8,600000000000000;-27,300000000000001;7,250000000000000;
438;11089;50855;-37,960000000000001;-35,000000000000000;-38,799999999999997;1,480000000000000;
439;11090;50857;-39,100000000000001;-34,000000000000000;-44,200000000000003;5,100000000000000;
440;11091;50858;-8,320000000000000;11,199999999999999;-23,199999999999999;10,260000000000000;
441;11092;50862;-54,600000000000001;-3,400000000000000;-122,299999999999997;39,719999999999999;
442;11093;50864;-21,030000000000001;-2,500000000000000;-36,000000000000000;12,080000000000000;
443;11094;50866;-40,170000000000002;-0,400000000000000;-69,500000000000000;28,539999999999999;
444;11095;50867;-48,259999999999998;3,700000000000000;-83,000000000000000;32,570000000000000;
445;11096;50868;-56,630000000000003;-17,899999999999999;-84,900000000000006;19,260000000000002;
446;11097;50869;-44,729999999999997;-13,400000000000000;-67,400000000000006;16,399999999999999;
447;11098;50871;-59,549999999999997;-0,300000000000000;-130,400000000000006;47,600000000000001;
448;11099;50875;-142,080000000000013;-25,000000000000000;-381,300000000000011;145,120000000000005;
449;11100;50876;-53,109999999999999;-8,500000000000000;-145,300000000000011;35,079999999999998;
450;11101;50877;-63,680000000000000;-22,800000000000001;-124,500000000000000;24,920000000000002;
451;11102;50878;-75,909999999999997;-39,700000000000003;-167,300000000000011;39,430000000000000;
452;11103;50879;-115,099999999999994;-115,099999999999994;-115,099999999999994;0,000000000000000;
453;11104;50880;-49,869999999999997;-3,700000000000000;-112,200000000000003;26,219999999999999;
454;11105;50881;-161,939999999999998;-82,099999999999994;-312,300000000000011;66,500000000000000;
455;11106;50882;-118,159999999999997;-61,100000000000001;-194,599999999999994;51,430000000000000;
456;11107;50883;-192,229999999999990;-34,600000000000001;-315,800000000000011;113,299999999999997;
457;11108;50884;-70,069999999999993;-25,600000000000001;-122,700000000000003;32,189999999999998;
458;11109;50885;-10,020000000000000;-1,900000000000000;-16,500000000000000;5,960000000000000;
459;11110;50886;-133,009999999999991;-60,799999999999997;-194,400000000000006;41,859999999999999;
460;11111;50887;-235,960000000000008;-13,600000000000000;-488,899999999999977;192,110000000000014;
461;11112;50891;-119,810000000000002;-53,500000000000000;-183,699999999999989;39,340000000000003;
462;11113;50892;-83,519999999999996;-23,699999999999999;-309,699999999999989;101,700000000000003;
463;11114;50893;-169,840000000000003;-8,600000000000000;-508,500000000000000;211,840000000000003;
464;11115;50895;-192,990000000000009;-9,800000000000001;-612,000000000000000;243,229999999999990;852,7312012
465;11116;50896;-166,000000000000000;-55,399999999999999;-459,699999999999989;120,489999999999995;809,8804932
466;11117;50899;-60,640000000000001;-9,400000000000000;-120,500000000000000;39,920000000000002;761,4688110
467;11118;50902;-22,530000000000001;-11,900000000000000;-43,799999999999997;15,039999999999999;
468;11119;50903;-19,570000000000000;-2,200000000000000;-35,000000000000000;13,460000000000001;
469;11120;50907;-39,880000000000003;-34,500000000000000;-45,000000000000000;4,180000000000000;
470;11121;50913;-20,520000000000000;6,400000000000000;-90,500000000000000;31,989999999999998;945,5939331
471;11122;50914;-31,199999999999999;-11,400000000000000;-48,200000000000003;11,570000000000000;
472;11123;50916;-9,600000000000000;-2,200000000000000;-22,699999999999999;9,289999999999999;
473;11124;50917;-21,730000000000000;-0,600000000000000;-63,200000000000003;20,050000000000001;
474;11125;50918;-59,119999999999997;-31,800000000000001;-110,000000000000000;26,370000000000001;
475;11126;50919;-51,390000000000001;-8,100000000000000;-86,700000000000003;24,680000000000000;
476;11127;50922;-53,439999999999998;-39,100000000000001;-111,299999999999997;20,149999999999999;
477;11128;50924;-36,299999999999997;-36,299999999999997;-36,299999999999997;0,000000000000000;
478;11129;50926;-72,030000000000001;-25,699999999999999;-112,000000000000000;27,920000000000002;
479;11130;50927;-58,579999999999998;-0,800000000000000;-111,900000000000006;29,850000000000001;
480;11131;50929;-45,560000000000002;-14,000000000000000;-89,900000000000006;23,199999999999999;
481;11132;50931;-52,840000000000003;-3,500000000000000;-121,099999999999994;33,409999999999997;
482;11133;50933;-150,870000000000005;-1,400000000000000;-703,600000000000023;206,229999999999990;
483;11134;50934;-270,149999999999977;-12,900000000000000;-700,500000000000000;257,860000000000014;
484;11135;50935;-167,889999999999986;-9,400000000000000;-403,199999999999989;139,379999999999995;
485;11136;50936;-67,129999999999995;-11,000000000000000;-213,800000000000011;68,790000000000006;
486;11137;50937;-160,949999999999989;-23,300000000000001;-312,199999999999989;97,519999999999996;1058,0247803
487;11138;50943;-98,040000000000006;-5,000000000000000;-304,000000000000000;92,379999999999995;
488;11139;50944;-74,180000000000007;-12,500000000000000;-305,000000000000000;84,709999999999994;
489;11140;50945;-128,340000000000003;-36,799999999999997;-324,899999999999977;104,840000000000003;1070,2701416
490;11141;50946;-60,939999999999998;-19,899999999999999;-127,000000000000000;31,680000000000000;
491;11142;50947;-205,969999999999999;-61,899999999999999;-671,299999999999955;187,340000000000003;
492;11143;50949;-210,949999999999989;-16,399999999999999;-635,100000000000023;216,349999999999994;
493;11144;50950;-190,300000000000011;-6,600000000000000;-686,100000000000023;200,259999999999991;
494;11145;50951;-226,340000000000003;-24,899999999999999;-662,700000000000045;234,810000000000002;
495;11146;50952;-92,769999999999996;-9,199999999999999;-382,300000000000011;121,670000000000002;
496;11147;50954;-255,310000000000002;-0,200000000000000;-927,700000000000045;334,730000000000018;
497;11148;50961;-99,530000000000001;-42,600000000000001;-168,599999999999994;47,590000000000003;
498;11149;50962;-251,050000000000011;-68,500000000000000;-459,600000000000023;160,750000000000000;
499;11150;50963;-140,069999999999993;-23,699999999999999;-287,699999999999989;110,019999999999996;
500;11151;50966;-95,159999999999997;-10,400000000000000;-176,900000000000006;60,280000000000001;
501;11152;50967;-122,340000000000003;-11,800000000000001;-536,299999999999955;128,069999999999993;
502;11153;50970;-18,020000000000000;-3,200000000000000;-38,299999999999997;14,830000000000000;
503;11154;50971;-129,039999999999992;-1,100000000000000;-402,000000000000000;118,519999999999996;
504;11155;50972;-47,210000000000001;-10,699999999999999;-171,800000000000011;41,460000000000001;
505;11156;50973;-86,030000000000001;-9,100000000000000;-250,900000000000006;78,170000000000002;
506;11157;50974;-189,340000000000003;-6,900000000000000;-923,799999999999955;229,039999999999992;
507;11158;50975;-121,010000000000005;-0,900000000000000;-478,199999999999989;113,170000000000002;
508;11159;50976;-70,769999999999996;-19,800000000000001;-164,900000000000006;46,710000000000001;
509;11160;50979;-36,770000000000003;-3,300000000000000;-91,299999999999997;28,760000000000002;
510;11161;50980;-57,670000000000002;-24,500000000000000;-144,800000000000011;40,560000000000002;
511;11162;50981;-184,900000000000006;-11,100000000000000;-475,500000000000000;148,990000000000009;
512;11163;50982;-256,720000000000027;-41,200000000000003;-921,799999999999955;279,500000000000000;
513;11164;50983;-70,829999999999998;-14,100000000000000;-164,099999999999994;40,619999999999997;
514;11165;50984;-147,639999999999986;-8,100000000000000;-430,800000000000011;97,069999999999993;
515;11166;50985;-190,490000000000009;-16,500000000000000;-435,899999999999977;136,129999999999995;
516;11167;50987;-123,590000000000003;-19,500000000000000;-245,699999999999989;70,579999999999998;
517;11168;50990;-74,980000000000004;-20,100000000000001;-146,099999999999994;43,039999999999999;
518;11169;50994;-97,909999999999997;-17,199999999999999;-173,300000000000011;50,030000000000001;
519;11170;50997;-124,159999999999997;-20,199999999999999;-243,300000000000011;64,370000000000005;
520;11171;50999;-40,479999999999997;-19,500000000000000;-66,099999999999994;21,190000000000001;
521;11172;51003;-98,340000000000003;-20,300000000000001;-209,900000000000006;50,829999999999998;
522;11173;51004;-111,099999999999994;-62,700000000000003;-242,500000000000000;67,329999999999998;
523;11174;51006;-117,189999999999998;-22,100000000000001;-218,900000000000006;74,099999999999994;
524;11175;51007;-93,900000000000006;-41,700000000000003;-176,900000000000006;43,329999999999998;
525;11176;51008;-142,000000000000000;-43,700000000000003;-458,000000000000000;141,349999999999994;
526;11177;51009;-142,039999999999992;-30,300000000000001;-244,099999999999994;75,260000000000005;
527;11178;51010;-98,329999999999998;-30,100000000000001;-169,099999999999994;47,299999999999997;
528;11179;51011;-107,629999999999995;-40,500000000000000;-183,599999999999994;43,729999999999997;983,4019165
529;11180;51012;-334,329999999999984;0,700000000000000;-1031,700000000000045;329,819999999999993;1002,0991211
530;11181;51014;-79,650000000000006;-29,699999999999999;-179,500000000000000;44,259999999999998;
531;11182;51015;-79,900000000000006;-14,900000000000000;-173,800000000000011;48,420000000000002;
532;11183;51016;-97,430000000000007;-20,100000000000001;-201,099999999999994;60,170000000000002;
533;11184;51022;-56,049999999999997;-4,900000000000000;-160,699999999999989;43,789999999999999;
534;11185;51023;-201,129999999999995;-41,500000000000000;-626,500000000000000;167,280000000000001;
535;11186;51024;-296,790000000000020;-27,500000000000000;-805,399999999999977;286,290000000000020;
536;11187;51026;-86,250000000000000;-14,900000000000000;-223,800000000000011;60,390000000000001;
537;11188;51031;-180,729999999999990;-32,799999999999997;-655,100000000000023;217,650000000000006;
538;11189;51032;-132,840000000000003;-7,400000000000000;-312,000000000000000;77,900000000000006;
539;11190;51033;-144,580000000000013;-4,800000000000000;-307,199999999999989;89,459999999999994;
540;11191;51034;-82,730000000000004;-17,000000000000000;-217,099999999999994;60,049999999999997;
541;11192;51035;-139,840000000000003;-23,800000000000001;-396,100000000000023;100,579999999999998;
542;11193;51036;-137,110000000000014;-18,399999999999999;-260,500000000000000;75,750000000000000;
543;11194;51037;-101,569999999999993;-27,899999999999999;-142,199999999999989;40,509999999999998;
544;11195;51038;-87,150000000000006;-53,700000000000003;-120,599999999999994;33,450000000000003;
545;11196;51039;-69,489999999999995;-5,100000000000000;-132,199999999999989;32,689999999999998;
546;11197;51041;-135,060000000000002;-8,800000000000001;-208,000000000000000;61,130000000000003;
547;11198;51042;-99,790000000000006;-14,500000000000000;-151,500000000000000;41,200000000000003;
548;11199;51043;-35,759999999999998;-13,199999999999999;-77,700000000000003;22,940000000000001;
549;11200;51046;-62,780000000000001;-32,500000000000000;-106,599999999999994;22,329999999999998;
550;11201;51048;-59,759999999999998;-44,899999999999999;-95,000000000000000;17,940000000000001;1142,7210693
551;11202;51050;-63,079999999999998;-35,700000000000003;-90,000000000000000;20,379999999999999;1143,5306396
552;11203;51052;-79,099999999999994;-52,500000000000000;-124,200000000000003;23,890000000000001;1143,9552002
553;11204;51053;-112,599999999999994;-19,899999999999999;-288,199999999999989;96,340000000000003;1144,4658203
554;11205;51056;-75,040000000000006;-55,700000000000003;-85,200000000000003;11,100000000000000;
555;11206;51060;-79,900000000000006;-34,700000000000003;-143,400000000000006;31,350000000000001;
556;11207;51062;-177,509999999999991;-97,799999999999997;-379,800000000000011;79,530000000000001;1145,2363281
557;11208;51063;-177,520000000000010;-99,900000000000006;-233,300000000000011;49,270000000000003;1145,8878174
558;11209;51064;-145,270000000000010;-7,700000000000000;-345,399999999999977;87,219999999999999;
559;11210;51065;-115,310000000000002;-53,799999999999997;-362,300000000000011;89,450000000000003;
560;11211;51066;-77,400000000000006;-15,100000000000000;-221,000000000000000;71,370000000000005;
561;11212;51067;-137,590000000000003;-5,100000000000000;-260,399999999999977;66,769999999999996;
562;11213;51069;-74,099999999999994;0,200000000000000;-299,000000000000000;106,909999999999997;
563;11214;51071;-73,390000000000001;-1,700000000000000;-210,400000000000006;57,380000000000003;
564;11215;51072;-108,950000000000003;-50,200000000000003;-249,900000000000006;58,490000000000002;
565;11216;51073;-128,900000000000006;-11,199999999999999;-297,500000000000000;89,909999999999997;
566;11217;51074;-221,870000000000005;-29,600000000000001;-480,100000000000023;170,240000000000009;
567;11218;51075;-142,500000000000000;-20,300000000000001;-270,800000000000011;80,129999999999995;
568;11219;51081;-72,329999999999998;-29,399999999999999;-117,900000000000006;24,600000000000001;
569;11220;51082;-57,590000000000003;-6,200000000000000;-104,700000000000003;32,609999999999999;
570;11221;51083;-46,520000000000003;-8,699999999999999;-78,200000000000003;25,809999999999999;
571;11222;51084;-68,530000000000001;-25,699999999999999;-114,599999999999994;29,710000000000001;
572;11223;51085;-28,670000000000002;13,900000000000000;-88,500000000000000;35,619999999999997;
573;11224;51087;-28,260000000000002;-6,100000000000000;-61,299999999999997;16,020000000000000;
574;11225;51095;-46,530000000000001;-10,699999999999999;-70,700000000000003;24,980000000000000;
575;11226;51096;-23,500000000000000;-20,600000000000001;-26,399999999999999;2,900000000000000;
576;11227;51098;-85,920000000000002;-56,399999999999999;-129,000000000000000;25,000000000000000;
577;11228;51101;-36,770000000000003;-5,600000000000000;-92,200000000000003;27,829999999999998;
578;11229;51106;-81,280000000000001;-62,299999999999997;-107,200000000000003;17,949999999999999;
579;11230;51110;-151,870000000000005;-56,100000000000001;-500,300000000000011;118,909999999999997;
580;11231;51111;-110,560000000000002;-16,199999999999999;-183,699999999999989;59,920000000000002;
581;11232;51113;-229,139999999999986;-42,200000000000003;-358,500000000000000;85,319999999999993;
582;11233;51116;-202,270000000000010;0,700000000000000;-703,299999999999955;219,460000000000008;
583;11234;51118;-231,729999999999990;-18,800000000000001;-609,799999999999955;159,780000000000001;
584;11235;51119;-118,480000000000004;-19,000000000000000;-225,699999999999989;82,090000000000003;
585;11236;51120;-89,750000000000000;-34,299999999999997;-130,599999999999994;33,549999999999997;
586;11237;51123;-79,069999999999993;-53,399999999999999;-141,099999999999994;27,010000000000002;
587;11238;51127;-100,040000000000006;-51,799999999999997;-143,900000000000006;32,670000000000002;
588;11239;51129;-57,899999999999999;-43,799999999999997;-67,299999999999997;10,150000000000000;
589;11240;51130;-49,820000000000000;-21,399999999999999;-67,400000000000006;17,469999999999999;
590;11241;51131;-70,430000000000007;-24,100000000000001;-99,200000000000003;28,600000000000001;
591;11242;51132;-75,230000000000004;-70,700000000000003;-78,900000000000006;3,400000000000000;
592;11243;51133;-62,670000000000002;-20,399999999999999;-95,799999999999997;31,449999999999999;
593;11244;51138;-102,390000000000001;-41,600000000000001;-187,599999999999994;49,320000000000000;
594;11245;51139;-143,689999999999998;-54,700000000000003;-244,500000000000000;69,280000000000001;
595;11246;51142;-239,430000000000007;-15,400000000000000;-909,700000000000045;236,830000000000013;
596;11247;51143;-214,199999999999989;-41,700000000000003;-456,699999999999989;139,710000000000008;
597;11248;51146;-303,339999999999975;13,300000000000001;-924,899999999999977;282,579999999999984;
598;11249;51148;-350,149999999999977;-55,600000000000001;-1041,400000000000091;343,110000000000014;
599;11250;51149;-353,339999999999975;-37,200000000000003;-1008,799999999999955;350,480000000000018;
600;11251;51150;-85,900000000000006;-26,500000000000000;-223,800000000000011;70,170000000000002;
601;11252;51151;-139,349999999999994;-55,399999999999999;-351,399999999999977;77,000000000000000;
602;11253;51152;-198,840000000000003;-16,600000000000001;-383,699999999999989;104,799999999999997;
603;11254;51153;-99,659999999999997;1,300000000000000;-224,099999999999994;73,040000000000006;
604;11255;51154;-125,359999999999999;-52,200000000000003;-263,100000000000023;61,710000000000001;
605;11256;51155;-123,340000000000003;-28,100000000000001;-271,399999999999977;87,379999999999995;
606;11257;51158;-61,729999999999997;5,500000000000000;-133,199999999999989;49,820000000000000;
607;11258;51166;-48,890000000000001;-3,900000000000000;-70,099999999999994;21,180000000000000;
608;11259;51167;-314,040000000000020;-56,100000000000001;-761,200000000000045;218,419999999999987;
609;11260;51168;-350,589999999999975;-12,100000000000000;-1175,900000000000091;362,610000000000014;
610;11261;51169;-232,840000000000003;-4,800000000000000;-610,500000000000000;218,780000000000001;
611;11262;51170;-238,719999999999999;-13,500000000000000;-695,000000000000000;215,620000000000005;
612;11263;51171;-222,449999999999989;-0,900000000000000;-578,399999999999977;149,479999999999990;
613;11264;51172;-202,669999999999987;-29,800000000000001;-614,700000000000045;182,020000000000010;
614;11265;51177;-77,530000000000001;-20,300000000000001;-137,000000000000000;32,920000000000002;1321,9724121
615;11266;51183;-257,120000000000005;-11,800000000000001;-1018,600000000000023;311,269999999999982;
616;11267;51185;-44,130000000000003;-12,699999999999999;-115,099999999999994;33,780000000000001;
617;11268;51187;-163,250000000000000;-11,199999999999999;-687,399999999999977;198,889999999999986;
618;11269;51218;-77,400000000000006;-36,799999999999997;-184,000000000000000;57,380000000000003;
619;11270;51219;-284,600000000000023;-41,299999999999997;-872,600000000000023;274,670000000000016;
620;11271;51220;-116,650000000000006;-5,100000000000000;-558,799999999999955;169,319999999999993;
621;11272;51223;-33,070000000000000;-1,000000000000000;-94,799999999999997;25,820000000000000;
622;11273;51239;-106,500000000000000;-64,400000000000006;-148,599999999999994;42,100000000000001;
623;11274;51241;-31,120000000000001;-23,500000000000000;-48,500000000000000;8,859999999999999;
624;11275;51242;-37,880000000000003;-30,100000000000001;-49,500000000000000;6,760000000000000;
625;11276;51250;-36,090000000000003;-23,699999999999999;-48,299999999999997;7,830000000000000;
626;11277;51253;-85,379999999999995;-2,900000000000000;-586,399999999999977;153,419999999999987;
627;11278;51272;-140,270000000000010;-21,699999999999999;-291,000000000000000;93,000000000000000;
628;11279;51292;-60,289999999999999;-31,399999999999999;-83,099999999999994;17,640000000000001;
629;11280;51340;-129,400000000000006;-129,400000000000006;-129,400000000000006;0,000000000000000;
630;11281;51341;-36,299999999999997;-0,700000000000000;-105,099999999999994;32,299999999999997;
631;11282;51358;-113,739999999999995;-72,500000000000000;-127,099999999999994;20,800000000000001;
632;11283;51359;-115,900000000000006;-88,299999999999997;-131,699999999999989;19,059999999999999;
633;11284;51363;-58,180000000000000;-16,100000000000001;-83,599999999999994;28,020000000000000;
634;11285;51365;-80,299999999999997;-61,899999999999999;-84,900000000000006;9,199999999999999;
635;11286;51366;-61,399999999999999;-58,899999999999999;-63,899999999999999;2,500000000000000;
636;11287;51369;-160,919999999999987;-52,700000000000003;-494,100000000000023;118,459999999999994;
637;11288;51370;-90,859999999999999;-18,800000000000001;-309,000000000000000;82,500000000000000;
638;11289;51371;-64,340000000000003;-9,100000000000000;-156,900000000000006;55,430000000000000;
639;11290;51373;-86,609999999999999;-29,699999999999999;-193,900000000000006;43,060000000000002;
640;11291;51374;-249,759999999999991;-59,899999999999999;-538,600000000000023;170,889999999999986;
641;11292;51375;-86,750000000000000;-28,899999999999999;-220,099999999999994;62,789999999999999;
642;11293;51376;-197,229999999999990;-21,899999999999999;-634,899999999999977;165,310000000000002;
643;11294;51377;-204,020000000000010;-49,299999999999997;-759,299999999999955;277,839999999999975;
644;11295;51378;-159,780000000000001;-35,200000000000003;-382,899999999999977;126,870000000000005;
645;11296;51383;-172,469999999999999;-70,400000000000006;-452,100000000000023;119,959999999999994;1702,3453369
646;11297;51384;-69,969999999999999;-29,199999999999999;-112,799999999999997;30,160000000000000;
647;11298;51385;-161,360000000000014;-37,799999999999997;-278,100000000000023;84,209999999999994;
648;11299;51386;-288,740000000000009;-78,400000000000006;-466,600000000000023;137,689999999999998;
649;11300;51387;-66,200000000000003;-66,200000000000003;-66,200000000000003;0,000000000000000;
650;11301;51388;-436,860000000000014;-67,799999999999997;-916,899999999999977;255,870000000000005;
651;11302;51389;-390,470000000000027;-67,099999999999994;-925,000000000000000;241,360000000000014;
652;11303;51390;-471,750000000000000;-17,399999999999999;-1142,299999999999955;380,420000000000016;
653;11304;51391;-440,550000000000011;-96,599999999999994;-1046,900000000000091;337,600000000000023;
654;11305;51392;-381,860000000000014;-114,500000000000000;-709,100000000000023;202,389999999999986;
655;11306;51393;-249,610000000000014;-32,600000000000001;-541,200000000000045;154,729999999999990;
656;11307;51394;-313,100000000000023;-47,399999999999999;-751,299999999999955;269,600000000000023;
657;11308;51395;-217,949999999999989;-63,399999999999999;-475,300000000000011;156,439999999999998;
658;11309;51396;-360,019999999999982;-134,300000000000011;-801,000000000000000;243,400000000000006;
659;11310;51397;-335,990000000000009;-7,700000000000000;-789,799999999999955;265,290000000000020;
660;11311;51398;-401,069999999999993;-122,299999999999997;-675,700000000000045;176,550000000000011;
661;11312;51399;-345,790000000000020;-30,500000000000000;-820,000000000000000;255,349999999999994;
662;11313;51400;-338,500000000000000;-42,100000000000001;-904,100000000000023;269,250000000000000;
663;11314;51401;-243,020000000000010;-46,600000000000001;-601,899999999999977;191,449999999999989;
664;11315;51402;-124,959999999999994;-6,700000000000000;-319,699999999999989;101,700000000000003;
665;11316;51403;-85,469999999999999;-51,799999999999997;-148,099999999999994;33,700000000000003;
666;11317;51404;-123,939999999999998;-67,700000000000003;-199,300000000000011;57,310000000000002;
667;11318;51405;-102,920000000000002;-11,300000000000001;-189,300000000000011;62,930000000000000;
668;11319;51406;-120,129999999999995;-8,300000000000001;-237,900000000000006;83,840000000000003;
669;11320;51407;-95,390000000000001;-35,100000000000001;-167,300000000000011;47,960000000000001;
670;11321;51408;-89,239999999999995;-31,699999999999999;-150,300000000000011;50,670000000000002;
671;11322;51409;-256,009999999999991;-23,100000000000001;-667,000000000000000;234,280000000000001;
672;11323;51410;-161,479999999999990;-6,400000000000000;-418,600000000000023;141,340000000000003;
673;11324;51411;-391,439999999999998;-92,099999999999994;-1056,000000000000000;384,779999999999973;1744,4409180
674;11325;51412;-172,750000000000000;-44,500000000000000;-406,800000000000011;159,879999999999995;1748,4152832
675;11326;51413;-54,460000000000001;-25,699999999999999;-74,799999999999997;17,949999999999999;1752,2359619
676;11327;51414;-163,639999999999986;-59,000000000000000;-392,000000000000000;92,200000000000003;1759,3002930
677;11328;51415;-82,400000000000006;-51,500000000000000;-156,599999999999994;39,469999999999999;
678;11329;51416;-199,729999999999990;-44,100000000000001;-535,299999999999955;156,340000000000003;
679;11330;51417;-74,689999999999998;-37,500000000000000;-206,500000000000000;45,090000000000003;
680;11331;51418;-39,270000000000003;-6,600000000000000;-70,099999999999994;25,960000000000001;
681;11332;51419;-64,230000000000004;-54,399999999999999;-82,400000000000006;12,859999999999999;
682;11333;51421;-161,599999999999994;-95,299999999999997;-252,900000000000006;66,719999999999999;
683;11334;51422;-64,250000000000000;-50,700000000000003;-104,599999999999994;17,160000000000000;
684;11335;51423;-37,700000000000003;-37,700000000000003;-37,700000000000003;0,000000000000000;
685;11336;51425;-40,500000000000000;-18,500000000000000;-62,500000000000000;22,000000000000000;
686;11337;51433;-26,140000000000001;1,800000000000000;-71,299999999999997;23,100000000000001;1823,5968018
687;11338;51434;-18,879999999999999;11,100000000000000;-43,100000000000001;15,949999999999999;1819,2390137
688;11339;51451;-58,380000000000003;-13,400000000000000;-92,200000000000003;25,670000000000002;
689;11340;51452;-42,399999999999999;-18,699999999999999;-70,599999999999994;17,600000000000001;
690;11341;51453;-105,879999999999995;-2,800000000000000;-186,000000000000000;77,700000000000003;
691;11342;51455;-100,780000000000001;-21,100000000000001;-224,699999999999989;50,369999999999997;
692;11343;51462;-32,850000000000001;-2,800000000000000;-54,200000000000003;18,690000000000001;
693;11344;51463;-92,989999999999995;-45,000000000000000;-142,599999999999994;31,350000000000001;
694;11345;51464;-174,110000000000014;-73,500000000000000;-290,800000000000011;83,859999999999999;
695;11346;51465;-75,299999999999997;-35,600000000000001;-125,700000000000003;33,780000000000001;
696;11347;51466;-95,569999999999993;-27,500000000000000;-181,699999999999989;48,229999999999997;
697;11348;51469;-33,320000000000000;-4,300000000000000;-46,000000000000000;13,730000000000000;
698;11349;51473;-29,949999999999999;0,800000000000000;-102,000000000000000;31,250000000000000;
699;11350;51474;-110,879999999999995;-54,799999999999997;-224,199999999999989;60,200000000000003;
700;11351;51475;-49,420000000000002;-2,800000000000000;-147,599999999999994;39,780000000000001;
701;11352;51476;-72,250000000000000;5,700000000000000;-173,400000000000006;60,159999999999997;
702;11353;51481;-111,359999999999999;0,300000000000000;-373,500000000000000;115,939999999999998;
703;11354;51482;-113,250000000000000;-10,500000000000000;-355,199999999999989;111,959999999999994;
704;11355;51485;3,550000000000000;11,600000000000000;-6,100000000000000;7,180000000000000;
705;11356;51487;-117,879999999999995;-4,200000000000000;-277,399999999999977;91,010000000000005;
706;11357;51489;-136,319999999999993;-51,000000000000000;-349,699999999999989;98,709999999999994;
707;11358;51490;-160,330000000000013;-26,800000000000001;-490,300000000000011;161,289999999999992;
708;11359;51491;-83,849999999999994;-8,900000000000000;-163,599999999999994;54,689999999999998;
709;11360;51493;-210,110000000000014;-49,500000000000000;-645,600000000000023;216,099999999999994;
710;11361;51494;-357,050000000000011;-5,900000000000000;-833,500000000000000;363,569999999999993;
711;11362;51495;-108,010000000000005;-7,400000000000000;-454,500000000000000;135,930000000000007;
712;11363;51496;-51,390000000000001;-1,300000000000000;-107,099999999999994;40,000000000000000;
713;11364;51498;-85,700000000000003;3,300000000000000;-312,000000000000000;113,120000000000005;
714;11365;51502;-43,240000000000002;-19,600000000000001;-68,400000000000006;14,380000000000001;
715;11366;51508;-100,700000000000003;-19,199999999999999;-408,600000000000023;108,420000000000002;
716;11367;51509;-181,099999999999994;-61,100000000000001;-256,800000000000011;58,479999999999997;
717;11368;51510;-224,139999999999986;-11,400000000000000;-478,899999999999977;163,330000000000013;
718;11369;51512;-53,850000000000001;-47,799999999999997;-59,899999999999999;6,050000000000000;2564,9187012
719;11370;51515;-555,549999999999955;11,300000000000001;-901,200000000000045;353,730000000000018;
720;11371;51525;-71,299999999999997;-9,900000000000000;-231,400000000000006;76,909999999999997;
721;11372;51526;-154,340000000000003;-57,100000000000001;-253,199999999999989;74,469999999999999;
722;11373;51531;-64,590000000000003;-0,700000000000000;-108,500000000000000;36,119999999999997;
723;11374;51532;-77,310000000000002;-19,600000000000001;-342,600000000000023;101,700000000000003;
724;11375;51533;-45,280000000000001;-3,300000000000000;-83,299999999999997;26,440000000000001;2196,4257812
725;11376;51534;-98,569999999999993;-47,299999999999997;-214,400000000000006;55,219999999999999;
726;11377;51535;-72,969999999999999;-50,799999999999997;-128,300000000000011;23,730000000000000;
727;11378;51536;-105,819999999999993;-56,000000000000000;-150,199999999999989;37,390000000000001;
728;11379;51537;-205,530000000000001;-63,799999999999997;-421,100000000000023;111,730000000000004;
729;11380;51538;-126,480000000000004;-54,600000000000001;-216,400000000000006;57,359999999999999;
730;11381;51539;-146,599999999999994;-21,199999999999999;-287,300000000000011;100,230000000000004;
731;11382;51540;-100,430000000000007;-47,600000000000001;-206,599999999999994;58,140000000000001;
732;11383;51541;-112,510000000000005;-7,000000000000000;-535,399999999999977;137,449999999999989;
733;11384;51542;-87,560000000000002;-7,200000000000000;-296,500000000000000;108,769999999999996;
734;11385;51543;-59,380000000000003;-9,400000000000000;-109,000000000000000;27,039999999999999;
735;11386;51547;-95,230000000000004;-23,800000000000001;-185,699999999999989;44,119999999999997;
736;11387;51548;-89,959999999999994;-10,900000000000000;-282,600000000000023;75,230000000000004;
737;11388;51553;-89,609999999999999;-16,399999999999999;-121,000000000000000;39,310000000000002;
738;11389;51555;-365,050000000000011;-128,500000000000000;-827,700000000000045;285,509999999999991;
739;11390;51556;-82,760000000000005;-12,400000000000000;-170,400000000000006;64,170000000000002;
740;11391;51557;-129,599999999999994;-23,000000000000000;-199,599999999999994;61,299999999999997;
741;11392;51558;-109,489999999999995;-18,399999999999999;-272,300000000000011;80,219999999999999;
742;11393;51559;-131,500000000000000;-18,300000000000001;-495,699999999999989;152,810000000000002;
743;11394;51560;-174,469999999999999;-27,399999999999999;-691,200000000000045;216,560000000000002;
744;11395;51561;-171,490000000000009;-33,500000000000000;-383,899999999999977;141,879999999999995;
745;11396;51562;-61,170000000000002;-4,500000000000000;-116,299999999999997;42,469999999999999;
746;11397;51585;12,940000000000000;38,600000000000001;-4,200000000000000;16,809999999999999;
747;11398;51586;-63,070000000000000;1,500000000000000;-102,900000000000006;46,070000000000000;
748;11399;51607;-50,509999999999998;2,600000000000000;-252,900000000000006;82,049999999999997;
749;11400;51608;5,580000000000000;17,800000000000001;0,100000000000000;7,440000000000000;
750;11401;51609;-320,329999999999984;-15,199999999999999;-927,299999999999955;429,189999999999998;
751;11402;51610;-115,200000000000003;-22,699999999999999;-329,199999999999989;125,260000000000005;
752;11403;51611;-131,819999999999993;-48,299999999999997;-336,899999999999977;118,760000000000005;
753;11404;51613;-56,460000000000001;-20,800000000000001;-86,200000000000003;25,460000000000001;
754;11405;51614;-176,900000000000006;-31,699999999999999;-695,100000000000023;221,979999999999990;
755;11406;51617;-18,579999999999998;5,500000000000000;-55,600000000000001;22,170000000000002;
756;11407;51621;-30,960000000000001;-3,400000000000000;-46,899999999999999;16,129999999999999;
757;11408;51623;-28,000000000000000;-3,600000000000000;-49,000000000000000;14,730000000000000;
758;11409;51624;-55,789999999999999;-21,600000000000001;-69,000000000000000;15,010000000000000;
759;11410;51625;-115,349999999999994;-5,200000000000000;-288,899999999999977;94,909999999999997;
760;11411;51627;-162,789999999999992;-14,400000000000000;-581,299999999999955;161,310000000000002;
761;11412;51629;-21,100000000000001;-15,699999999999999;-31,899999999999999;7,640000000000000;6994,5864258
762;11413;51633;-151,990000000000009;11,600000000000000;-600,700000000000045;207,680000000000007;
763;11414;51646;-162,469999999999999;-9,400000000000000;-409,699999999999989;140,719999999999999;
764;11415;51647;-94,150000000000006;-6,900000000000000;-402,500000000000000;120,319999999999993;
765;11416;51649;-40,250000000000000;-3,700000000000000;-50,600000000000001;17,100000000000001;
766;11417;51650;-219,460000000000008;-47,799999999999997;-658,299999999999955;234,650000000000006;
767;11418;51651;-62,469999999999999;-22,899999999999999;-182,300000000000011;44,689999999999998;
768;11419;51652;-53,039999999999999;-5,200000000000000;-88,599999999999994;24,899999999999999;
769;11420;51655;-77,400000000000006;-5,600000000000000;-227,000000000000000;74,299999999999997;
770;11421;51656;-39,880000000000003;-3,800000000000000;-74,900000000000006;21,850000000000001;
771;11422;51657;-81,989999999999995;-10,500000000000000;-318,199999999999989;97,969999999999999;
772;11423;51661;-129,580000000000013;-14,800000000000001;-594,200000000000045;208,159999999999997;
773;11424;51662;-70,349999999999994;-14,000000000000000;-143,300000000000011;40,880000000000003;
774;11425;51664;-96,950000000000003;-61,299999999999997;-178,500000000000000;37,000000000000000;
775;11426;51665;-111,689999999999998;-1,200000000000000;-549,200000000000045;158,710000000000008;
776;11427;51666;-63,280000000000001;1,900000000000000;-110,400000000000006;39,060000000000002;
777;11428;51668;-113,439999999999998;0,700000000000000;-621,500000000000000;211,430000000000007;
778;11429;51669;-73,099999999999994;-22,399999999999999;-204,400000000000006;67,540000000000006;
779;11430;51671;-107,150000000000006;-11,199999999999999;-375,600000000000023;127,730000000000004;
780;11431;51672;-87,450000000000003;-9,800000000000001;-274,199999999999989;94,230000000000004;
781;11432;51674;-166,110000000000014;-14,800000000000001;-480,000000000000000;159,129999999999995;
782;11433;51675;-39,299999999999997;-6,300000000000000;-115,700000000000003;36,799999999999997;
783;11434;51676;-49,829999999999998;-7,900000000000000;-149,800000000000011;58,460000000000001;3778,6184082
784;11435;51677;-55,729999999999997;-4,500000000000000;-195,099999999999994;61,549999999999997;
785;11436;51679;-41,829999999999998;-15,199999999999999;-109,000000000000000;32,799999999999997;
786;11437;51680;-39,020000000000003;-17,500000000000000;-59,200000000000003;16,030000000000001;
787;11438;51684;-55,859999999999999;-8,100000000000000;-168,500000000000000;58,609999999999999;
788;11439;51688;-30,920000000000002;-4,600000000000000;-59,100000000000001;21,109999999999999;
789;11440;51689;-18,050000000000001;-3,400000000000000;-32,100000000000001;10,300000000000001;
790;11441;51690;-41,340000000000003;-2,800000000000000;-69,299999999999997;20,230000000000000;
791;11442;51691;-71,629999999999995;-10,500000000000000;-247,400000000000006;75,370000000000005;
792;11443;51692;-31,789999999999999;-5,000000000000000;-55,899999999999999;19,770000000000000;
793;11444;51694;-36,549999999999997;-4,300000000000000;-48,299999999999997;15,310000000000000;
794;11445;51696;-23,500000000000000;-7,500000000000000;-50,500000000000000;16,350000000000001;
795;11446;51697;-10,510000000000000;1,900000000000000;-25,199999999999999;11,279999999999999;
796;11447;51702;-36,420000000000002;-9,199999999999999;-56,200000000000003;16,719999999999999;
797;11448;51704;-29,109999999999999;-6,900000000000000;-63,700000000000003;17,949999999999999;
798;11449;51705;-26,789999999999999;-7,600000000000000;-46,399999999999999;16,359999999999999;
799;11450;51706;-13,490000000000000;-1,200000000000000;-27,800000000000001;10,330000000000000;
800;11451;51707;-17,620000000000001;-11,199999999999999;-26,600000000000001;6,150000000000000;
801;11452;51708;-18,469999999999999;-4,500000000000000;-30,699999999999999;7,530000000000000;
802;11453;51710;-31,079999999999998;-1,000000000000000;-68,500000000000000;21,559999999999999;
803;11454;51711;-51,090000000000003;-10,300000000000001;-102,099999999999994;31,670000000000002;
804;11455;51713;-53,469999999999999;-2,100000000000000;-410,300000000000011;119,549999999999997;
805;11456;51714;-17,520000000000000;-8,900000000000000;-27,100000000000001;5,790000000000000;
806;11457;51715;-11,600000000000000;-9,300000000000001;-13,900000000000000;2,300000000000000;
807;11458;51716;-55,369999999999997;-0,200000000000000;-202,800000000000011;70,900000000000006;
808;11459;51718;-80,469999999999999;-2,200000000000000;-359,300000000000011;106,730000000000004;
809;11460;51723;-131,460000000000008;-57,100000000000001;-360,000000000000000;97,090000000000003;
810;11461;51724;-144,550000000000011;-7,400000000000000;-734,100000000000023;198,800000000000011;
811;11462;51725;-112,670000000000002;-4,200000000000000;-365,100000000000023;133,939999999999998;2065,9516602
812;11463;51726;-75,560000000000002;-43,000000000000000;-132,000000000000000;30,329999999999998;
813;11464;51727;-118,560000000000002;-7,300000000000000;-634,000000000000000;177,270000000000010;
814;11465;51729;-89,239999999999995;0,900000000000000;-383,800000000000011;146,659999999999997;
815;11466;51730;-27,370000000000001;2,600000000000000;-105,900000000000006;28,449999999999999;2059,5837402
816;11467;51731;-91,450000000000003;-34,500000000000000;-157,000000000000000;44,380000000000003;
817;11468;51733;-79,519999999999996;-0,400000000000000;-456,500000000000000;123,709999999999994;
818;11469;51734;-9,920000000000000;-5,200000000000000;-15,000000000000000;3,900000000000000;
819;11470;51740;-1,270000000000000;0,100000000000000;-2,800000000000000;1,190000000000000;
820;11471;51746;-29,989999999999998;-3,900000000000000;-106,599999999999994;33,619999999999997;
821;11472;51764;-90,280000000000001;-46,500000000000000;-242,699999999999989;68,659999999999997;
822;11473;51765;-88,629999999999995;-19,100000000000001;-235,300000000000011;76,269999999999996;
823;11474;51766;-235,460000000000008;-47,399999999999999;-420,899999999999977;135,430000000000007;
824;11475;51767;-99,310000000000002;-4,800000000000000;-275,399999999999977;79,510000000000005;
825;11476;51769;-14,449999999999999;8,000000000000000;-67,599999999999994;23,219999999999999;
826;11477;51770;-448,199999999999989;-448,199999999999989;-448,199999999999989;0,000000000000000;
827;11478;51771;-77,000000000000000;-20,899999999999999;-181,099999999999994;44,659999999999997;
828;11479;51772;-43,960000000000001;-21,800000000000001;-78,799999999999997;16,879999999999999;
829;11480;51773;-122,150000000000006;-29,199999999999999;-237,500000000000000;73,209999999999994;
830;11481;51777;-38,530000000000001;-3,400000000000000;-62,899999999999999;19,809999999999999;
831;11482;51778;-51,399999999999999;-6,600000000000000;-72,799999999999997;23,250000000000000;
832;11483;51785;-35,619999999999997;-0,100000000000000;-53,100000000000001;18,850000000000001;
833;11484;51786;-100,040000000000006;-35,100000000000001;-179,000000000000000;49,079999999999998;
834;11485;51787;-118,230000000000004;-60,799999999999997;-339,199999999999989;99,099999999999994;
835;11486;51788;-158,039999999999992;-21,000000000000000;-242,400000000000006;78,799999999999997;
836;11487;51789;-74,739999999999995;-14,900000000000000;-131,000000000000000;38,780000000000001;
837;11488;51790;-117,359999999999999;0,200000000000000;-293,600000000000023;83,620000000000005;
838;11489;51791;-117,409999999999997;-38,000000000000000;-231,699999999999989;59,799999999999997;
839;11490;51792;-67,489999999999995;-39,500000000000000;-105,099999999999994;18,550000000000001;
840;11491;51793;-84,280000000000001;-39,600000000000001;-157,000000000000000;46,409999999999997;
841;11492;51794;-93,590000000000003;-39,600000000000001;-247,400000000000006;57,070000000000000;
842;11493;51795;-128,060000000000002;-67,599999999999994;-183,900000000000006;42,640000000000001;
843;11494;51796;-219,879999999999995;-121,400000000000006;-345,199999999999989;68,150000000000006;
844;11495;51797;-140,229999999999990;-41,100000000000001;-266,800000000000011;85,370000000000005;
845;11496;51798;-121,019999999999996;-43,700000000000003;-182,000000000000000;44,270000000000003;
846;11497;51799;-41,140000000000001;-13,000000000000000;-61,600000000000001;19,379999999999999;
847;11498;51804;-66,560000000000002;-34,899999999999999;-88,200000000000003;21,469999999999999;
848;11499;51805;-103,340000000000003;-7,800000000000000;-214,500000000000000;64,980000000000004;
849;11500;51810;-68,060000000000002;-3,400000000000000;-171,199999999999989;65,500000000000000;
850;11501;51811;-60,070000000000000;-5,700000000000000;-150,300000000000011;47,640000000000001;
851;11502;51812;-109,390000000000001;-35,899999999999999;-437,100000000000023;112,010000000000005;
852;11503;51813;-80,359999999999999;-43,299999999999997;-115,500000000000000;24,140000000000001;
853;11504;51814;-120,420000000000002;-33,399999999999999;-492,100000000000023;134,520000000000010;
854;11505;51816;-60,750000000000000;-57,899999999999999;-63,600000000000001;2,850000000000000;
855;11506;51842;-12,750000000000000;-10,000000000000000;-15,500000000000000;2,750000000000000;
856;11507;51847;-58,000000000000000;-44,399999999999999;-63,799999999999997;7,920000000000000;
857;11508;51848;-76,099999999999994;-12,100000000000000;-112,400000000000006;35,920000000000002;2009,7606201
858;11509;51849;-144,360000000000014;-77,900000000000006;-216,300000000000011;53,880000000000003;2007,6339111
859;11510;51850;-136,599999999999994;-5,700000000000000;-266,600000000000023;80,340000000000003;2005,8537598
860;11511;51851;-132,780000000000001;-76,299999999999997;-186,699999999999989;45,149999999999999;2004,2128906
861;11512;51852;-130,180000000000007;-20,300000000000001;-265,600000000000023;94,519999999999996;
862;11513;51853;-174,520000000000010;-82,400000000000006;-233,599999999999994;55,299999999999997;
863;11514;51854;-209,849999999999994;-13,900000000000000;-291,500000000000000;94,650000000000006;
864;11515;51855;-228,379999999999995;-133,199999999999989;-334,399999999999977;71,750000000000000;
865;11516;51856;-132,849999999999994;-4,000000000000000;-341,100000000000023;132,159999999999997;
866;11517;51857;-195,830000000000013;-4,500000000000000;-479,399999999999977;203,129999999999995;
867;11518;51858;-188,300000000000011;-23,399999999999999;-305,199999999999989;119,950000000000003;
868;11519;51859;-166,719999999999999;-58,799999999999997;-326,000000000000000;95,140000000000001;
869;11520;51860;-75,939999999999998;-3,700000000000000;-138,000000000000000;39,880000000000003;
870;11521;51861;-68,420000000000002;-1,600000000000000;-122,900000000000006;42,130000000000003;
871;11522;51862;-199,810000000000002;-112,200000000000003;-412,000000000000000;95,540000000000006;
872;11523;51863;-148,569999999999993;-5,000000000000000;-292,899999999999977;141,300000000000011;
873;11524;51864;-129,270000000000010;-23,800000000000001;-361,399999999999977;123,599999999999994;
874;11525;51865;-46,700000000000003;-7,000000000000000;-61,600000000000001;20,079999999999998;
875;11526;51866;-82,329999999999998;-54,399999999999999;-151,199999999999989;39,880000000000003;
876;11527;51867;-69,590000000000003;-6,700000000000000;-232,000000000000000;66,810000000000002;
877;11528;51869;-91,290000000000006;-26,100000000000001;-207,000000000000000;60,170000000000002;
878;11529;51870;-74,900000000000006;-23,300000000000001;-116,599999999999994;30,309999999999999;
879;11530;51871;-67,739999999999995;3,900000000000000;-187,000000000000000;66,409999999999997;
880;11531;51874;-29,739999999999998;1,000000000000000;-48,500000000000000;17,440000000000001;
881;11532;51875;-51,409999999999997;-3,300000000000000;-82,299999999999997;27,520000000000000;1975,7275391
882;11533;51880;-82,469999999999999;-4,300000000000000;-132,900000000000006;56,039999999999999;
883;11534;51882;-68,799999999999997;-68,799999999999997;-68,799999999999997;0,000000000000000;
884;11535;51884;-112,390000000000001;-10,000000000000000;-278,800000000000011;99,609999999999999;
885;11536;51886;-52,070000000000000;-8,400000000000000;-137,500000000000000;44,859999999999999;
886;11537;51887;-126,230000000000004;-89,700000000000003;-227,800000000000011;58,689999999999998;
887;11538;51889;-97,799999999999997;-21,399999999999999;-176,800000000000011;64,299999999999997;
888;11539;51890;-22,850000000000001;-8,199999999999999;-35,200000000000003;10,109999999999999;
889;11540;51892;-46,250000000000000;-25,500000000000000;-67,000000000000000;20,750000000000000;
890;11541;51893;-196,569999999999993;-5,000000000000000;-393,000000000000000;155,000000000000000;
891;11542;51894;-64,930000000000007;-18,800000000000001;-112,400000000000006;28,609999999999999;1962,4869385
892;11543;51895;-51,020000000000003;-26,199999999999999;-61,000000000000000;12,760000000000000;1957,4084473
893;11544;51896;-93,290000000000006;-20,800000000000001;-223,900000000000006;58,509999999999998;1952,2666016
894;11545;51897;-242,639999999999986;-38,899999999999999;-783,899999999999977;259,889999999999986;1948,4229736
895;11546;51898;-60,670000000000002;-26,399999999999999;-115,000000000000000;25,820000000000000;
896;11547;51899;-60,859999999999999;-3,300000000000000;-135,400000000000006;46,380000000000003;
897;11548;51900;-48,859999999999999;-6,600000000000000;-84,200000000000003;25,000000000000000;
898;11549;51902;-69,200000000000003;-44,600000000000001;-93,400000000000006;14,949999999999999;1929,4187012
899;11550;51903;-36,180000000000000;-13,699999999999999;-54,700000000000003;18,270000000000000;
900;11551;51904;-44,000000000000000;-14,400000000000000;-50,100000000000001;13,240000000000000;
901;11552;51905;-113,260000000000005;-48,100000000000001;-210,000000000000000;52,320000000000000;
902;11553;51910;-143,789999999999992;-14,900000000000000;-490,199999999999989;179,530000000000001;
903;11554;51912;-110,590000000000003;-59,000000000000000;-204,500000000000000;50,369999999999997;
904;11555;51914;-202,189999999999998;-47,799999999999997;-419,199999999999989;119,599999999999994;
905;11556;51915;-48,869999999999997;-17,600000000000001;-95,000000000000000;24,859999999999999;
906;11557;51916;-294,180000000000007;-28,000000000000000;-825,700000000000045;310,439999999999998;
907;11558;51917;-61,369999999999997;10,500000000000000;-111,900000000000006;30,480000000000000;
908;11559;51918;-63,000000000000000;-13,400000000000000;-81,500000000000000;20,780000000000001;
909;11560;51919;-219,400000000000006;-3,000000000000000;-716,600000000000023;267,060000000000002;
910;11561;51921;-317,589999999999975;-36,100000000000001;-557,000000000000000;182,139999999999986;
911;11562;51922;-229,460000000000008;-57,899999999999999;-313,699999999999989;100,590000000000003;
912;11563;51923;-202,460000000000008;-44,899999999999999;-536,600000000000023;172,990000000000009;
913;11564;51924;-65,180000000000007;-29,699999999999999;-106,400000000000006;29,530000000000001;
914;11565;51925;-71,530000000000001;5,700000000000000;-215,400000000000006;74,719999999999999;
915;11566;51926;-100,269999999999996;-23,199999999999999;-203,199999999999989;60,259999999999998;
916;11567;51927;-131,919999999999987;-41,799999999999997;-272,699999999999989;68,950000000000003;
917;11568;51928;-172,780000000000001;-48,500000000000000;-300,600000000000023;104,269999999999996;
918;11569;51934;-92,450000000000003;-77,700000000000003;-107,200000000000003;14,750000000000000;
919;11570;51937;-131,110000000000014;-94,200000000000003;-170,400000000000006;25,710000000000001;
920;11571;51938;-87,799999999999997;2,800000000000000;-187,199999999999989;65,560000000000002;
921;11572;51947;-101,049999999999997;-4,200000000000000;-148,099999999999994;57,039999999999999;
922;11573;51951;-43,310000000000002;-23,399999999999999;-58,399999999999999;10,119999999999999;
923;11574;51952;-88,980000000000004;-46,100000000000001;-152,300000000000011;41,670000000000002;
924;11575;51953;-12,100000000000000;-12,100000000000000;-12,100000000000000;0,000000000000000;
925;11576;51956;-50,030000000000001;-11,100000000000000;-112,900000000000006;33,609999999999999;
926;11577;51957;-41,549999999999997;-5,300000000000000;-96,500000000000000;33,570000000000000;
927;11578;51961;-87,349999999999994;14,300000000000001;-374,199999999999989;113,260000000000005;
928;11579;51963;-157,919999999999987;-8,500000000000000;-457,899999999999977;137,039999999999992;
929;11580;51964;-76,760000000000005;-19,500000000000000;-173,099999999999994;57,219999999999999;
930;11581;51965;-248,560000000000002;-9,100000000000000;-395,000000000000000;147,729999999999990;
931;11582;51968;-176,199999999999989;-26,500000000000000;-329,100000000000023;123,769999999999996;
932;11583;51969;-139,379999999999995;-24,199999999999999;-259,800000000000011;101,230000000000004;
933;11584;51970;-48,700000000000003;-15,400000000000000;-82,000000000000000;33,299999999999997;
934;11585;51971;-219,300000000000011;-22,000000000000000;-432,399999999999977;154,569999999999993;
935;11586;51972;-146,180000000000007;-42,799999999999997;-316,500000000000000;87,810000000000002;
936;11587;51973;-254,699999999999989;-149,800000000000011;-465,000000000000000;123,540000000000006;
937;11588;51974;-397,449999999999989;-16,399999999999999;-717,200000000000045;299,310000000000002;1951,7097168
938;11589;51975;-352,649999999999977;-258,699999999999989;-526,200000000000045;107,780000000000001;1949,5198975
939;11590;51976;-188,199999999999989;-53,899999999999999;-308,399999999999977;102,000000000000000;1948,2851562
940;11591;51977;-113,819999999999993;-24,500000000000000;-358,199999999999989;118,609999999999999;1946,2255859
941;11592;51978;-290,550000000000011;-22,600000000000001;-800,399999999999977;281,740000000000009;1943,2208252
942;11593;51979;-532,740000000000009;-392,800000000000011;-1027,500000000000000;247,810000000000002;
943;11594;51980;-250,360000000000014;-66,299999999999997;-611,700000000000045;197,830000000000013;
944;11595;51986;-95,329999999999998;-62,399999999999999;-162,199999999999989;35,259999999999998;
945;11596;51987;-116,579999999999998;-71,400000000000006;-197,599999999999994;52,930000000000000;
946;11597;51988;-96,659999999999997;-21,699999999999999;-240,800000000000011;76,400000000000006;
947;11598;51989;-98,379999999999995;-32,299999999999997;-247,099999999999994;78,209999999999994;
948;11599;51990;-104,079999999999998;-33,000000000000000;-176,400000000000006;48,840000000000003;
949;11600;51991;-76,359999999999999;-16,199999999999999;-116,000000000000000;35,789999999999999;
950;11601;51995;-11,070000000000000;-0,600000000000000;-23,300000000000001;9,350000000000000;
951;11602;51996;-94,200000000000003;-93,299999999999997;-95,099999999999994;0,900000000000000;
952;11603;51997;-88,010000000000005;-43,200000000000003;-158,800000000000011;37,229999999999997;
953;11604;51998;-71,730000000000004;-51,299999999999997;-86,500000000000000;12,420000000000000;
954;11605;51999;-76,700000000000003;-16,699999999999999;-140,099999999999994;45,399999999999999;
955;11606;52012;-93,569999999999993;8,600000000000000;-218,599999999999994;81,180000000000007;
956;11607;52013;-52,000000000000000;-11,699999999999999;-100,200000000000003;26,039999999999999;
957;11608;52016;-36,149999999999999;-27,600000000000001;-47,000000000000000;7,360000000000000;
958;11609;52017;-42,009999999999998;-1,600000000000000;-129,000000000000000;39,070000000000000;
959;11610;52018;-55,130000000000003;-25,600000000000001;-82,099999999999994;15,650000000000000;
960;11611;52019;-53,200000000000003;-33,899999999999999;-72,599999999999994;12,699999999999999;
961;11612;52020;-48,399999999999999;-13,400000000000000;-76,000000000000000;20,710000000000001;
962;11613;52021;-47,500000000000000;-5,300000000000000;-136,599999999999994;43,500000000000000;
963;11614;52022;-64,319999999999993;-37,100000000000001;-84,000000000000000;15,240000000000000;
964;11615;52023;-77,359999999999999;-4,800000000000000;-178,300000000000011;49,649999999999999;
965;11616;52024;-132,199999999999989;-52,899999999999999;-370,199999999999989;120,260000000000005;
966;11617;52025;-116,000000000000000;-31,300000000000001;-346,300000000000011;105,450000000000003;1953,1147461
967;11618;52026;-122,640000000000001;-31,500000000000000;-261,399999999999977;82,829999999999998;
968;11619;52027;-68,480000000000004;-4,800000000000000;-133,099999999999994;47,390000000000001;
969;11620;52028;-247,300000000000011;-86,299999999999997;-376,899999999999977;128,889999999999986;
970;11621;52029;-350,459999999999980;-1,600000000000000;-563,299999999999955;218,509999999999991;
971;11622;52030;-202,340000000000003;-5,400000000000000;-424,100000000000023;140,379999999999995;
972;11623;52031;-212,759999999999991;-14,100000000000000;-624,299999999999955;234,849999999999994;
973;11624;52032;-247,050000000000011;-82,799999999999997;-520,299999999999955;165,120000000000005;
974;11625;52033;-104,930000000000007;-4,300000000000000;-248,599999999999994;92,430000000000007;
975;11626;52034;-282,180000000000007;-120,000000000000000;-371,300000000000011;95,879999999999995;1949,2812500
976;11627;52035;-338,339999999999975;-79,000000000000000;-803,200000000000045;275,420000000000016;
977;11628;52036;-81,819999999999993;-34,100000000000001;-127,400000000000006;30,609999999999999;
978;11629;52037;-59,630000000000003;-50,500000000000000;-67,000000000000000;5,190000000000000;
979;11630;52038;-55,799999999999997;-49,600000000000001;-62,799999999999997;4,040000000000000;1945,0858154
980;11631;52039;-88,329999999999998;-54,799999999999997;-120,099999999999994;28,420000000000002;1945,4458008
981;11632;52040;-98,349999999999994;-83,000000000000000;-114,400000000000006;14,279999999999999;1946,6060791
982;11633;52041;-79,930000000000007;-59,100000000000001;-101,400000000000006;19,600000000000001;1946,1055908
983;11634;52042;-81,819999999999993;-69,400000000000006;-88,599999999999994;6,490000000000000;1945,0091553
984;11635;52045;-59,500000000000000;-16,500000000000000;-86,900000000000006;23,930000000000000;
985;11636;52048;-119,400000000000006;-34,200000000000003;-179,599999999999994;53,060000000000002;
986;11637;52049;-524,250000000000000;-471,100000000000023;-577,399999999999977;53,149999999999999;
987;11638;52051;-54,020000000000003;-20,399999999999999;-86,099999999999994;15,619999999999999;
988;11639;52052;-224,099999999999994;-111,599999999999994;-336,600000000000023;112,500000000000000;
989;11640;52062;-63,070000000000000;-6,300000000000000;-173,400000000000006;43,799999999999997;
990;11641;52068;-60,149999999999999;-20,399999999999999;-149,500000000000000;32,700000000000003;
991;11642;52106;-20,550000000000001;27,100000000000001;-67,900000000000006;35,329999999999998;
992;11643;52122;-126,930000000000007;-19,699999999999999;-681,100000000000023;226,580000000000013;1599,6520996
993;11644;52124;-49,100000000000001;-4,400000000000000;-272,899999999999977;74,109999999999999;1626,9327393
994;11645;52143;-141,189999999999998;-9,500000000000000;-544,299999999999955;136,969999999999999;
995;11646;52164;-107,959999999999994;-22,600000000000001;-225,300000000000011;65,299999999999997;
996;11647;52165;-67,599999999999994;-2,600000000000000;-137,500000000000000;41,609999999999999;
997;11648;52177;-7,010000000000000;11,699999999999999;-37,899999999999999;14,910000000000000;
998;11649;52194;-84,239999999999995;-4,700000000000000;-207,500000000000000;61,539999999999999;
999;11650;52195;-47,710000000000001;-19,100000000000001;-130,699999999999989;34,020000000000003;
1000;11651;52200;-49,350000000000001;-14,800000000000001;-118,799999999999997;33,750000000000000;
1001;11652;52201;-216,750000000000000;-6,900000000000000;-623,000000000000000;272,129999999999995;
1002;11653;52203;-21,750000000000000;-10,900000000000000;-32,600000000000001;10,850000000000000;
1003;11654;52204;-63,039999999999999;-10,100000000000000;-163,099999999999994;50,030000000000001;
1004;11655;52205;-84,680000000000007;-6,900000000000000;-146,599999999999994;50,020000000000003;
1005;11656;52209;-14,529999999999999;8,900000000000000;-29,100000000000001;11,560000000000000;
1006;11657;52219;-21,750000000000000;-9,000000000000000;-55,100000000000001;16,090000000000000;
1007;11658;52220;-26,620000000000001;-1,200000000000000;-51,299999999999997;20,270000000000000;
1008;11659;52221;-35,280000000000001;0,900000000000000;-117,299999999999997;36,409999999999997;
1009;11660;52222;-33,719999999999999;-1,600000000000000;-53,899999999999999;17,500000000000000;
1010;11661;52227;-55,140000000000001;-7,200000000000000;-238,000000000000000;76,040000000000006;
1011;11662;52233;-28,170000000000002;-13,800000000000001;-36,600000000000001;8,600000000000000;
1012;11663;52245;-44,100000000000001;-38,899999999999999;-55,399999999999999;5,960000000000000;
1013;11664;52247;-42,899999999999999;-13,100000000000000;-56,000000000000000;11,619999999999999;
1014;11665;52249;-16,539999999999999;-0,100000000000000;-35,899999999999999;13,010000000000000;
1015;11666;52257;-17,800000000000001;-7,300000000000000;-37,000000000000000;10,830000000000000;
1016;11667;52258;-45,930000000000000;-6,400000000000000;-161,800000000000011;43,430000000000000;
1017;11668;52259;-52,680000000000000;-5,300000000000000;-74,599999999999994;23,129999999999999;
1018;11669;52284;4,020000000000000;29,699999999999999;-26,100000000000001;15,350000000000000;
1019;11670;52285;-9,520000000000000;1,400000000000000;-19,399999999999999;8,619999999999999;
1020;11671;52290;-33,039999999999999;28,600000000000001;-112,000000000000000;47,280000000000001;
1021;11672;52294;-30,879999999999999;9,600000000000000;-132,400000000000006;43,140000000000001;
1022;11673;52298;-11,500000000000000;10,600000000000000;-42,700000000000003;18,270000000000000;
1023;11674;52302;-28,300000000000001;-28,300000000000001;-28,300000000000001;0,000000000000000;
1024;11675;52303;-106,030000000000001;-20,300000000000001;-216,699999999999989;86,730000000000004;
1025;11676;52351;-21,530000000000001;-8,400000000000000;-44,299999999999997;16,160000000000000;
1026;11677;52352;-31,730000000000000;-16,500000000000000;-55,600000000000001;17,090000000000000;
1027;11678;52353;-29,600000000000001;-29,600000000000001;-29,600000000000001;0,000000000000000;
1028;11679;52354;-31,399999999999999;-11,900000000000000;-50,899999999999999;19,500000000000000;
1029;11680;52355;-20,100000000000001;-9,199999999999999;-27,800000000000001;6,130000000000000;
1030;11681;52356;-14,800000000000001;-14,800000000000001;-14,800000000000001;0,000000000000000;
1031;11682;52357;-25,250000000000000;-4,800000000000000;-45,700000000000003;20,449999999999999;
1032;11683;52359;-27,660000000000000;-3,600000000000000;-47,799999999999997;17,100000000000001;
1033;11684;52360;-81,620000000000005;-27,699999999999999;-150,500000000000000;56,420000000000002;
1034;11685;52361;-24,620000000000001;-7,500000000000000;-45,799999999999997;12,690000000000000;
1035;11686;52362;-179,650000000000006;-179,300000000000011;-180,000000000000000;0,350000000000000;
1036;11687;52363;-16,500000000000000;-16,500000000000000;-16,500000000000000;0,000000000000000;
1037;11688;52364;-29,399999999999999;-29,399999999999999;-29,399999999999999;0,000000000000000;
1038;11689;52365;-24,969999999999999;-17,199999999999999;-40,299999999999997;10,840000000000000;
1039;11690;52366;-87,359999999999999;-5,200000000000000;-393,100000000000023;119,790000000000006;
1040;11691;52367;-43,439999999999998;-29,600000000000001;-57,200000000000003;11,520000000000000;1770,4111328
1041;11692;52368;-26,719999999999999;-12,000000000000000;-46,399999999999999;16,160000000000000;1769,3482666
1042;11693;52370;-31,270000000000000;-25,600000000000001;-34,200000000000003;4,010000000000000;
1043;11694;52371;-27,030000000000001;-11,699999999999999;-34,700000000000003;10,840000000000000;
1044;11695;52372;-20,440000000000001;-6,600000000000000;-30,600000000000001;11,310000000000000;
1045;11696;52374;-34,170000000000002;-9,100000000000000;-46,700000000000003;17,719999999999999;
1046;11697;52375;-17,199999999999999;-2,300000000000000;-26,800000000000001;9,930000000000000;1765,5588379
1047;11698;52377;-19,399999999999999;-11,000000000000000;-35,899999999999999;10,150000000000000;
1048;11699;52378;-26,820000000000000;-8,600000000000000;-42,799999999999997;13,380000000000001;
1049;11700;52379;-128,099999999999994;-33,899999999999999;-613,399999999999977;198,560000000000002;1757,0865479
1050;11701;52380;-11,369999999999999;-8,900000000000000;-16,300000000000001;3,490000000000000;1758,0220947
1051;11702;52381;-241,250000000000000;-239,900000000000006;-242,599999999999994;1,350000000000000;1759,0662842
1052;11703;52382;-26,399999999999999;-16,300000000000001;-38,600000000000001;9,220000000000001;1759,3469238
1053;11704;52386;-36,030000000000001;-16,899999999999999;-51,000000000000000;14,310000000000000;
1054;11705;52387;-53,869999999999997;-25,699999999999999;-98,299999999999997;31,789999999999999;
1055;11706;52388;-20,600000000000001;-8,100000000000000;-50,100000000000001;15,770000000000000;
1056;11707;52391;-33,979999999999997;-12,800000000000001;-48,299999999999997;14,880000000000001;
1057;11708;52392;-20,930000000000000;-6,000000000000000;-36,700000000000003;12,550000000000001;
1058;11709;52393;-37,079999999999998;-19,199999999999999;-57,200000000000003;15,859999999999999;
1059;11710;52394;-18,730000000000000;-7,800000000000000;-28,600000000000001;8,529999999999999;
1060;11711;52395;-10,699999999999999;-6,800000000000000;-13,600000000000000;2,860000000000000;
1061;11712;52396;-35,979999999999997;-9,000000000000000;-56,100000000000001;17,170000000000002;
1062;11713;52397;-44,740000000000002;-8,400000000000000;-62,200000000000003;19,640000000000001;
1063;11714;52398;-52,780000000000001;-26,500000000000000;-83,400000000000006;19,320000000000000;
1064;11715;52399;-28,300000000000001;-9,199999999999999;-51,100000000000001;17,300000000000001;
1065;11716;52400;-105,099999999999994;-12,400000000000000;-378,399999999999977;125,180000000000007;
1066;11717;52401;-126,939999999999998;-13,900000000000000;-324,199999999999989;122,920000000000002;
1067;11718;52402;-23,449999999999999;-8,000000000000000;-38,899999999999999;15,449999999999999;
1068;11719;52403;-47,329999999999998;-19,300000000000001;-78,900000000000006;24,460000000000001;
1069;11720;52404;-51,740000000000002;-2,700000000000000;-95,700000000000003;38,140000000000001;
1070;11721;52411;21,300000000000001;21,300000000000001;21,300000000000001;0,000000000000000;
1071;11722;52443;-83,030000000000001;7,300000000000000;-207,900000000000006;91,189999999999998;
1072;11723;52444;-114,099999999999994;-114,099999999999994;-114,099999999999994;0,000000000000000;
1073;11724;52445;-38,600000000000001;-38,600000000000001;-38,600000000000001;0,000000000000000;
1074;11725;52447;-55,259999999999998;-11,900000000000000;-169,300000000000011;57,539999999999999;
1075;11726;52449;-66,959999999999994;-35,600000000000001;-183,400000000000006;58,259999999999998;
1076;11727;52450;-32,920000000000002;-16,100000000000001;-45,000000000000000;10,510000000000000;
1077;11728;52451;-31,760000000000002;2,400000000000000;-46,399999999999999;17,489999999999998;
1078;11729;52455;-51,030000000000001;-49,399999999999999;-52,399999999999999;1,100000000000000;
1079;11730;52456;-43,820000000000000;-4,100000000000000;-60,299999999999997;14,750000000000000;
1080;11731;52461;-29,530000000000001;-10,300000000000001;-52,200000000000003;18,300000000000001;
1081;11732;52465;-96,819999999999993;-8,800000000000001;-279,199999999999989;93,890000000000001;
1082;11733;52466;-36,329999999999998;-6,500000000000000;-55,100000000000001;19,760000000000002;
1083;11734;52467;-106,200000000000003;-106,200000000000003;-106,200000000000003;0,000000000000000;
1084;11735;52468;-84,799999999999997;-35,299999999999997;-208,199999999999989;58,939999999999998;1768,9932861
1085;11736;52471;-28,030000000000001;-12,500000000000000;-66,299999999999997;22,170000000000002;
1086;11737;52473;-6,080000000000000;20,100000000000001;-21,500000000000000;14,480000000000000;
1087;11738;52475;-47,590000000000003;-35,399999999999999;-60,799999999999997;7,210000000000000;
1088;11739;52485;-42,920000000000002;-0,800000000000000;-57,000000000000000;21,160000000000000;
1089;11740;52499;1,030000000000000;6,200000000000000;-3,500000000000000;3,450000000000000;
1090;11741;52511;-91,349999999999994;-85,500000000000000;-97,200000000000003;5,850000000000000;
1091;11742;52512;-61,930000000000000;-29,000000000000000;-78,400000000000006;23,289999999999999;
1092;11743;52513;-41,399999999999999;-3,000000000000000;-91,900000000000006;37,289999999999999;
1093;11744;52514;-14,949999999999999;2,000000000000000;-31,899999999999999;16,949999999999999;
1094;11745;52515;-33,119999999999997;-19,699999999999999;-40,799999999999997;7,310000000000000;
1095;11746;52516;-44,950000000000003;-42,899999999999999;-47,000000000000000;2,050000000000000;
1096;11747;52517;-44,630000000000003;1,900000000000000;-67,200000000000003;24,430000000000000;
1097;11748;52519;-2,630000000000000;36,799999999999997;-54,899999999999999;35,859999999999999;
1098;11749;52520;-69,939999999999998;33,399999999999999;-183,699999999999989;70,159999999999997;
1099;11750;52521;24,050000000000001;24,199999999999999;23,899999999999999;0,150000000000000;
1100;11751;52522;-48,430000000000000;29,500000000000000;-225,699999999999989;96,500000000000000;
1101;11752;52523;-3,130000000000000;11,500000000000000;-25,699999999999999;12,080000000000000;
1102;11753;52525;7,670000000000000;60,100000000000001;-239,599999999999994;110,629999999999995;
1103;11754;52528;-52,689999999999998;-0,500000000000000;-79,400000000000006;25,289999999999999;
1104;11755;52530;-17,140000000000001;-2,000000000000000;-32,700000000000003;11,960000000000001;
1105;11756;52535;27,660000000000000;30,000000000000000;22,699999999999999;2,820000000000000;
1106;11757;52536;2,650000000000000;8,699999999999999;-3,400000000000000;6,050000000000000;
1107;11758;52540;-26,520000000000000;-1,200000000000000;-39,700000000000003;13,670000000000000;
1108;11759;52541;-43,399999999999999;-21,399999999999999;-68,000000000000000;13,100000000000000;
1109;11760;52542;-46,729999999999997;-7,900000000000000;-97,200000000000003;27,190000000000001;
1110;11761;52544;-37,320000000000000;-10,800000000000001;-46,799999999999997;13,840000000000000;
1111;11762;52546;-33,140000000000001;1,900000000000000;-80,599999999999994;26,969999999999999;
1112;11763;52548;-39,299999999999997;-13,400000000000000;-60,700000000000003;15,960000000000001;
1113;11764;52549;-22,359999999999999;-16,000000000000000;-33,899999999999999;5,670000000000000;
1114;11765;52552;-41,000000000000000;-23,600000000000001;-55,200000000000003;12,160000000000000;
1115;11766;52554;-28,840000000000000;11,500000000000000;-52,799999999999997;14,660000000000000;
1116;11767;52555;-61,259999999999998;-30,600000000000001;-85,200000000000003;19,590000000000000;
1117;11768;52556;-28,980000000000000;-23,800000000000001;-37,700000000000003;5,800000000000000;
1118;11769;52566;-19,300000000000001;0,600000000000000;-66,799999999999997;25,350000000000001;
1119;11770;52570;-14,890000000000001;23,000000000000000;-113,599999999999994;42,170000000000002;
1120;11771;52572;-38,289999999999999;16,000000000000000;-118,200000000000003;44,840000000000003;
1121;11772;52573;-220,400000000000006;-64,099999999999994;-496,600000000000023;195,870000000000005;
1122;11773;52577;-84,040000000000006;5,400000000000000;-406,300000000000011;117,900000000000006;
1123;11774;52588;-60,770000000000003;3,700000000000000;-287,100000000000023;88,790000000000006;
1124;11775;52590;-55,829999999999998;-20,199999999999999;-91,000000000000000;22,570000000000000;
1125;11776;52604;-18,800000000000001;62,200000000000003;-99,799999999999997;81,000000000000000;
1126;11777;52605;-25,559999999999999;51,299999999999997;-154,199999999999989;72,239999999999995;
1127;11778;52616;-76,269999999999996;-2,500000000000000;-199,699999999999989;87,829999999999998;
1128;11779;52620;-90,939999999999998;-22,100000000000001;-242,000000000000000;77,769999999999996;
1129;11780;52626;8,789999999999999;34,299999999999997;-66,000000000000000;26,270000000000000;
1130;11781;52629;-43,149999999999999;-42,899999999999999;-43,399999999999999;0,250000000000000;
1131;11782;52635;-19,600000000000001;-0,900000000000000;-45,600000000000001;18,960000000000001;
1132;11783;52636;-36,280000000000001;3,700000000000000;-122,400000000000006;50,200000000000003;
1133;11784;52645;-171,870000000000005;-41,500000000000000;-553,600000000000023;145,719999999999999;
1134;11785;52646;-89,359999999999999;-17,399999999999999;-136,800000000000011;52,979999999999997;
1135;11786;52650;-19,160000000000000;-3,100000000000000;-31,100000000000001;10,340000000000000;
1136;11787;52652;-89,109999999999999;-50,799999999999997;-117,000000000000000;23,390000000000001;
1137;11788;52653;-20,059999999999999;13,800000000000001;-41,899999999999999;14,480000000000000;
1138;11789;52654;-47,560000000000002;-33,000000000000000;-76,299999999999997;14,779999999999999;
1139;11790;52655;8,449999999999999;9,600000000000000;7,300000000000000;1,150000000000000;
1140;11791;52663;-7,080000000000000;38,299999999999997;-162,500000000000000;58,119999999999997;
1141;11792;52666;-55,369999999999997;-3,200000000000000;-124,000000000000000;36,920000000000002;
1142;11793;52667;-60,320000000000000;-20,500000000000000;-161,000000000000000;35,340000000000003;
1143;11794;52668;-46,500000000000000;-0,200000000000000;-84,700000000000003;28,160000000000000;
1144;11795;52669;-26,030000000000001;0,100000000000000;-89,200000000000003;24,410000000000000;
1145;11796;52670;-7,320000000000000;0,900000000000000;-59,100000000000001;15,880000000000001;
1146;11797;52671;-7,690000000000000;1,800000000000000;-58,700000000000003;17,500000000000000;
1147;11798;52673;-2,580000000000000;0,900000000000000;-8,000000000000000;3,290000000000000;
1148;11799;52675;-8,310000000000000;2,600000000000000;-49,600000000000001;14,970000000000001;
1149;11800;52676;-25,370000000000001;-4,800000000000000;-50,399999999999999;12,260000000000000;
1150;11801;52677;-40,039999999999999;-4,700000000000000;-131,500000000000000;33,659999999999997;
1151;11802;52678;-44,549999999999997;-9,000000000000000;-100,799999999999997;34,070000000000000;
1152;11803;52679;-11,449999999999999;5,400000000000000;-53,100000000000001;24,300000000000001;
1153;11804;52681;-45,399999999999999;-0,400000000000000;-155,000000000000000;43,609999999999999;
1154;11805;52682;-87,730000000000004;1,100000000000000;-354,300000000000011;101,239999999999995;
1155;11806;52683;-119,150000000000006;12,699999999999999;-548,500000000000000;189,520000000000010;
1156;11807;52684;-120,760000000000005;-11,300000000000001;-184,400000000000006;62,939999999999998;
1157;11808;52685;-127,069999999999993;-67,400000000000006;-223,099999999999994;68,569999999999993;
1158;11809;52687;-113,200000000000003;-4,800000000000000;-314,699999999999989;142,620000000000005;
1159;11810;52688;-123,129999999999995;-54,500000000000000;-405,899999999999977;121,709999999999994;
1160;11811;52690;-148,930000000000007;-28,500000000000000;-345,899999999999977;140,430000000000007;
1161;11812;52691;-67,250000000000000;-22,500000000000000;-112,000000000000000;44,750000000000000;
1162;11813;52692;-23,100000000000001;4,500000000000000;-62,200000000000003;28,420000000000002;
1163;11814;52693;-105,209999999999994;0,600000000000000;-230,500000000000000;77,030000000000001;
1164;11815;52694;-64,799999999999997;-18,800000000000001;-189,000000000000000;55,979999999999997;
1165;11816;52695;-57,289999999999999;9,199999999999999;-160,300000000000011;50,250000000000000;
1166;11817;52696;-29,250000000000000;10,400000000000000;-89,299999999999997;38,210000000000001;
1167;11818;52699;-109,900000000000006;-21,399999999999999;-248,099999999999994;67,819999999999993;
1168;11819;52700;-37,299999999999997;-15,199999999999999;-58,299999999999997;15,900000000000000;
1169;11820;52701;-234,840000000000003;-33,600000000000001;-516,899999999999977;169,210000000000008;
1170;11821;52702;-356,750000000000000;-50,399999999999999;-709,899999999999977;192,250000000000000;
1171;11822;52708;-32,159999999999997;7,200000000000000;-110,599999999999994;44,869999999999997;
1172;11823;52711;-153,879999999999995;-46,500000000000000;-256,500000000000000;102,680000000000007;1680,2633057
1173;11824;52712;-163,129999999999995;-123,200000000000003;-243,000000000000000;56,469999999999999;
1174;11825;52715;-75,870000000000005;-56,000000000000000;-129,599999999999994;22,680000000000000;
1175;11826;52716;-154,530000000000001;-72,299999999999997;-248,400000000000006;72,359999999999999;
1176;11827;52717;-112,859999999999999;-36,600000000000001;-330,300000000000011;100,260000000000005;
1177;11828;52723;-236,960000000000008;-31,699999999999999;-479,899999999999977;153,870000000000005;
1178;11829;52730;-124,319999999999993;-55,899999999999999;-387,800000000000011;131,780000000000001;
1179;11830;52731;-42,270000000000003;-31,899999999999999;-48,600000000000001;7,390000000000000;
1180;11831;52733;-36,229999999999997;-21,399999999999999;-51,799999999999997;12,420000000000000;
1181;11832;52734;-151,009999999999991;-52,600000000000001;-415,899999999999977;129,669999999999987;
1182;11833;52735;-104,140000000000001;-44,600000000000001;-194,300000000000011;62,070000000000000;
1183;11834;52736;-71,959999999999994;-44,600000000000001;-94,900000000000006;21,260000000000002;
1184;11835;52737;-265,439999999999998;-26,399999999999999;-326,100000000000023;119,530000000000001;
1185;11836;52738;-199,729999999999990;-92,200000000000003;-401,500000000000000;142,770000000000010;
1186;11837;52739;-69,599999999999994;-33,500000000000000;-119,900000000000006;27,090000000000000;
1187;11838;52740;-138,639999999999986;-23,600000000000001;-527,600000000000023;164,620000000000005;
1188;11839;52741;-175,439999999999998;-48,000000000000000;-397,800000000000011;132,189999999999998;
1189;11840;52743;-51,399999999999999;-20,000000000000000;-84,099999999999994;23,160000000000000;
1190;11841;52744;-69,900000000000006;-31,800000000000001;-187,900000000000006;43,420000000000002;
1191;11842;52745;-69,909999999999997;8,600000000000000;-169,400000000000006;46,490000000000002;
1192;11843;52746;-110,439999999999998;-53,000000000000000;-171,900000000000006;39,780000000000001;
1193;11844;52748;-168,990000000000009;-88,700000000000003;-286,899999999999977;60,969999999999999;
1194;11845;52749;-134,419999999999987;-25,000000000000000;-341,600000000000023;103,189999999999998;
1195;11846;52750;-63,950000000000003;-8,400000000000000;-160,699999999999989;44,229999999999997;
1196;11847;52751;-100,760000000000005;-21,000000000000000;-350,300000000000011;102,879999999999995;
1197;11848;52752;-146,659999999999997;-62,700000000000003;-258,399999999999977;63,789999999999999;
1198;11849;52753;-77,400000000000006;-48,100000000000001;-122,799999999999997;25,600000000000001;
1199;11850;52754;-47,340000000000003;-23,399999999999999;-75,500000000000000;16,820000000000000;
1200;11851;52755;-56,299999999999997;-56,100000000000001;-56,500000000000000;0,200000000000000;
1201;11852;52756;-83,760000000000005;-60,100000000000001;-107,700000000000003;17,010000000000002;
1202;11853;52757;-166,180000000000007;-113,000000000000000;-240,800000000000011;49,520000000000003;
1203;11854;52758;-127,109999999999999;-55,200000000000003;-255,199999999999989;62,820000000000000;
1204;11855;52759;-157,310000000000002;-77,900000000000006;-499,899999999999977;105,859999999999999;
1205;11856;52760;-277,310000000000002;-48,899999999999999;-641,700000000000045;166,969999999999999;
1206;11857;52761;-233,259999999999991;-69,000000000000000;-885,399999999999977;211,050000000000011;
1207;11858;52762;-336,740000000000009;-95,299999999999997;-963,899999999999977;266,040000000000020;
1208;11859;52763;-275,079999999999984;-37,299999999999997;-589,500000000000000;197,229999999999990;
1209;11860;52764;-190,240000000000009;-80,000000000000000;-488,100000000000023;136,139999999999986;
1210;11861;52766;-250,599999999999994;-32,799999999999997;-511,500000000000000;169,479999999999990;
1211;11862;52767;-186,020000000000010;-75,099999999999994;-597,899999999999977;155,490000000000009;
1212;11863;52771;-180,069999999999993;-102,299999999999997;-299,100000000000023;85,480000000000004;
1213;11864;52772;-270,459999999999980;-51,399999999999999;-667,000000000000000;215,500000000000000;
1214;11865;52773;-148,370000000000005;1,200000000000000;-314,800000000000011;103,109999999999999;
1215;11866;52776;-93,519999999999996;-56,000000000000000;-168,300000000000011;39,820000000000000;
1216;11867;52777;-176,629999999999995;-22,000000000000000;-562,899999999999977;168,110000000000014;
1217;11868;52778;-96,209999999999994;-6,200000000000000;-217,500000000000000;78,560000000000002;
1218;11869;52779;-157,449999999999989;-29,399999999999999;-213,599999999999994;75,709999999999994;
1219;11870;52780;-183,259999999999991;-44,799999999999997;-423,399999999999977;116,120000000000005;
1220;11871;52781;-103,340000000000003;-60,600000000000001;-174,699999999999989;43,619999999999997;
1221;11872;52782;-126,989999999999995;-53,700000000000003;-276,600000000000023;64,189999999999998;
1222;11873;52783;-75,640000000000001;-3,500000000000000;-219,800000000000011;60,579999999999998;
1223;11874;52784;-138,629999999999995;-35,600000000000001;-428,000000000000000;131,699999999999989;
1224;11875;52785;-243,539999999999992;-15,500000000000000;-545,500000000000000;169,419999999999987;
1225;11876;52787;-201,110000000000014;-47,600000000000001;-602,700000000000045;177,539999999999992;
1226;11877;52788;-110,519999999999996;-8,400000000000000;-352,500000000000000;101,650000000000006;
1227;11878;52789;-134,599999999999994;-30,199999999999999;-286,000000000000000;86,620000000000005;
1228;11879;52790;-297,300000000000011;-117,599999999999994;-424,300000000000011;122,969999999999999;
1229;11880;52791;-196,300000000000011;-40,299999999999997;-441,000000000000000;147,590000000000003;
1230;11881;52792;-172,340000000000003;-44,500000000000000;-463,699999999999989;114,159999999999997;
1231;11882;52793;-183,990000000000009;-36,399999999999999;-417,000000000000000;124,060000000000002;
1232;11883;52794;-72,989999999999995;3,200000000000000;-239,300000000000011;89,579999999999998;
1233;11884;52795;-123,569999999999993;-119,400000000000006;-126,299999999999997;2,990000000000000;
1234;11885;52796;-109,719999999999999;-7,800000000000000;-212,900000000000006;66,920000000000002;
1235;11886;52797;-79,519999999999996;-10,900000000000000;-173,800000000000011;66,709999999999994;
1236;11887;52798;-210,530000000000001;-47,500000000000000;-395,899999999999977;122,310000000000002;
1237;11888;52800;-168,969999999999999;-49,299999999999997;-307,300000000000011;95,680000000000007;
1238;11889;52801;-113,620000000000005;-30,899999999999999;-243,000000000000000;85,200000000000003;
1239;11890;52802;-153,650000000000006;-24,699999999999999;-385,199999999999989;142,250000000000000;
1240;11891;52803;-62,439999999999998;3,400000000000000;-139,800000000000011;51,219999999999999;
1241;11892;52804;-136,360000000000014;-22,100000000000001;-274,000000000000000;73,060000000000002;
1242;11893;52805;-108,150000000000006;-0,100000000000000;-347,100000000000023;129,449999999999989;
1243;11894;52806;-141,340000000000003;-7,200000000000000;-421,600000000000023;117,930000000000007;
1244;11895;52807;-211,930000000000007;10,800000000000001;-776,399999999999977;239,750000000000000;
1245;11896;52808;-181,009999999999991;-9,800000000000001;-468,199999999999989;156,289999999999992;1679,1494141
1246;11897;52809;-79,349999999999994;5,100000000000000;-331,000000000000000;103,730000000000004;
1247;11898;52810;-33,700000000000003;11,699999999999999;-104,900000000000006;42,170000000000002;
1248;11899;52811;-70,109999999999999;11,900000000000000;-261,800000000000011;76,239999999999995;
1249;11900;52812;-119,969999999999999;-22,399999999999999;-284,600000000000023;117,079999999999998;
1250;11901;52813;-61,500000000000000;0,700000000000000;-166,699999999999989;61,259999999999998;
1251;11902;52814;-166,699999999999989;-31,000000000000000;-278,600000000000023;102,469999999999999;
1252;11903;52816;-52,829999999999998;-37,000000000000000;-61,200000000000003;7,490000000000000;1551,2918701
1253;11904;52817;-64,299999999999997;-48,799999999999997;-101,000000000000000;15,930000000000000;
1254;11905;52818;-53,649999999999999;-39,100000000000001;-57,700000000000003;6,680000000000000;
1255;11906;52819;-139,449999999999989;-124,500000000000000;-154,400000000000006;14,949999999999999;1521,4559326
1256;11907;52820;-53,240000000000002;-45,500000000000000;-57,799999999999997;4,300000000000000;1514,1198730
1257;11908;52821;-34,799999999999997;-34,799999999999997;-34,799999999999997;0,000000000000000;
1258;11909;52822;-6,400000000000000;-6,400000000000000;-6,400000000000000;0,000000000000000;
1259;11910;52823;-162,629999999999995;-70,400000000000006;-304,899999999999977;102,060000000000002;1491,0200195
1260;11911;52824;-105,200000000000003;-16,199999999999999;-265,399999999999977;86,810000000000002;
1261;11912;52825;-105,920000000000002;-53,200000000000003;-312,699999999999989;92,819999999999993;
1262;11913;52826;-122,629999999999995;-3,400000000000000;-314,300000000000011;113,510000000000005;
1263;11914;52827;-74,370000000000005;-50,799999999999997;-102,200000000000003;14,690000000000000;
1264;11915;52828;-48,500000000000000;-35,799999999999997;-63,700000000000003;9,210000000000001;
1265;11916;52829;-56,350000000000001;-47,799999999999997;-83,400000000000006;12,330000000000000;
1266;11917;52830;-50,140000000000001;-2,800000000000000;-88,599999999999994;23,250000000000000;
1267;11918;52831;-69,739999999999995;-35,899999999999999;-190,099999999999994;43,570000000000000;
1268;11919;52832;-80,680000000000007;-58,500000000000000;-103,000000000000000;15,750000000000000;
1269;11920;52833;-87,079999999999998;-37,799999999999997;-133,500000000000000;35,320000000000000;
1270;11921;52834;-71,180000000000007;-49,000000000000000;-86,400000000000006;12,800000000000001;
1271;11922;52835;-74,030000000000001;-51,600000000000001;-119,099999999999994;21,359999999999999;
1272;11923;52836;-84,170000000000002;-51,100000000000001;-132,900000000000006;26,329999999999998;
1273;11924;52837;-63,799999999999997;-48,700000000000003;-95,299999999999997;16,289999999999999;
1274;11925;52838;-76,510000000000005;-52,000000000000000;-143,500000000000000;28,940000000000001;
1275;11926;52839;-69,900000000000006;-11,300000000000001;-121,599999999999994;26,100000000000001;
1276;11927;52840;-76,030000000000001;-12,100000000000000;-120,400000000000006;36,829999999999998;
1277;11928;52841;-71,670000000000002;-49,000000000000000;-200,699999999999989;45,990000000000002;
1278;11929;52842;-66,150000000000006;-5,700000000000000;-220,900000000000006;52,159999999999997;
1279;11930;52843;-44,479999999999997;-22,699999999999999;-52,799999999999997;9,109999999999999;
1280;11931;52844;-73,450000000000003;-51,399999999999999;-153,699999999999989;33,909999999999997;
1281;11932;52845;-50,420000000000002;-26,100000000000001;-62,399999999999999;11,630000000000001;
1282;11933;52846;-194,370000000000005;-82,900000000000006;-269,600000000000023;80,409999999999997;
1283;11934;52847;-56,700000000000003;-22,600000000000001;-122,900000000000006;24,739999999999998;
1284;11935;52848;-71,670000000000002;-32,200000000000003;-159,300000000000011;38,469999999999999;
1285;11936;52849;-66,540000000000006;-4,500000000000000;-146,199999999999989;35,219999999999999;
1286;11937;52850;-59,539999999999999;-12,699999999999999;-111,200000000000003;25,930000000000000;
1287;11938;52851;-54,340000000000003;-51,899999999999999;-57,299999999999997;1,930000000000000;
1288;11939;52852;-50,039999999999999;-44,200000000000003;-63,299999999999997;5,250000000000000;
1289;11940;52853;-49,450000000000003;-47,399999999999999;-51,200000000000003;1,300000000000000;
1290;11941;52854;-37,880000000000003;-2,400000000000000;-61,899999999999999;20,640000000000001;
1291;11942;52855;-37,490000000000002;-7,300000000000000;-66,299999999999997;21,390000000000001;
1292;11943;52856;-74,280000000000001;-42,100000000000001;-139,599999999999994;35,850000000000001;
1293;11944;52857;-12,900000000000000;-12,900000000000000;-12,900000000000000;0,000000000000000;
1294;11945;52858;-50,799999999999997;-3,600000000000000;-71,299999999999997;18,510000000000002;
1295;11946;52859;-14,730000000000000;-9,400000000000000;-22,199999999999999;5,440000000000000;
1296;11947;52860;-54,630000000000003;-20,600000000000001;-118,799999999999997;32,210000000000001;
1297;11948;52861;-91,750000000000000;-39,700000000000003;-149,500000000000000;42,979999999999997;1354,1245117
1298;11949;52862;-89,569999999999993;-31,000000000000000;-146,300000000000011;45,810000000000002;
1299;11950;52863;-51,430000000000000;-10,300000000000001;-62,600000000000001;16,930000000000000;
1300;11951;52864;-109,000000000000000;-47,000000000000000;-176,900000000000006;60,780000000000001;
1301;11952;52865;-80,030000000000001;-4,500000000000000;-270,300000000000011;88,069999999999993;
1302;11953;52866;-52,350000000000001;-52,000000000000000;-52,700000000000003;0,350000000000000;
1303;11954;52867;-64,290000000000006;-33,399999999999999;-134,699999999999989;25,670000000000002;
1304;11955;52868;-78,129999999999995;-57,799999999999997;-193,099999999999994;38,579999999999998;
1305;11956;52869;-55,780000000000001;-22,899999999999999;-65,099999999999994;16,460000000000001;
1306;11957;52872;-88,200000000000003;-88,200000000000003;-88,200000000000003;0,000000000000000;
1307;11958;52873;-44,130000000000003;-21,399999999999999;-63,299999999999997;14,260000000000000;
1308;11959;52874;-46,070000000000000;-43,399999999999999;-49,000000000000000;2,290000000000000;
1309;11960;52878;-124,549999999999997;-89,799999999999997;-159,300000000000011;34,750000000000000;
1310;11961;52879;-137,900000000000006;-137,900000000000006;-137,900000000000006;0,000000000000000;
1311;11962;52880;-160,599999999999994;-160,599999999999994;-160,599999999999994;0,000000000000000;
1312;11963;52881;-142,300000000000011;-142,300000000000011;-142,300000000000011;0,000000000000000;
1313;11964;52884;-58,930000000000000;-56,200000000000003;-61,700000000000003;1,960000000000000;
1314;11965;52891;-31,899999999999999;-31,899999999999999;-31,899999999999999;0,000000000000000;
1315;11966;52892;-31,670000000000002;-12,000000000000000;-42,799999999999997;12,480000000000000;
1316;11967;52897;5,400000000000000;5,400000000000000;5,400000000000000;0,000000000000000;
1317;11968;52898;-81,299999999999997;-46,799999999999997;-115,799999999999997;34,500000000000000;
1318;11969;52901;23,870000000000001;28,600000000000001;16,199999999999999;5,470000000000000;
1319;11970;52902;11,650000000000000;18,100000000000001;5,200000000000000;6,450000000000000;
1320;11971;52906;-17,129999999999999;-11,900000000000000;-23,399999999999999;4,750000000000000;
1321;11972;52907;-29,059999999999999;-22,600000000000001;-35,700000000000003;4,410000000000000;1274,3218994
1322;11973;52908;-20,180000000000000;8,500000000000000;-39,100000000000001;17,160000000000000;
1323;11974;52909;-38,350000000000001;-19,899999999999999;-56,799999999999997;18,449999999999999;
1324;11975;52911;-46,329999999999998;-1,500000000000000;-98,700000000000003;39,149999999999999;
1325;11976;52912;-188,659999999999997;-44,299999999999997;-338,899999999999977;99,930000000000007;
1326;11977;52913;-141,639999999999986;-55,600000000000001;-268,600000000000023;65,969999999999999;
1327;11978;52914;-123,299999999999997;-43,299999999999997;-307,100000000000023;94,299999999999997;
1328;11979;52915;-126,040000000000006;-36,600000000000001;-368,600000000000023;123,200000000000003;
1329;11980;52916;-203,830000000000013;-42,500000000000000;-791,100000000000023;228,030000000000001;
1330;11981;52919;-326,149999999999977;-61,000000000000000;-1033,900000000000091;332,990000000000009;
1331;11982;52921;-30,090000000000000;-13,600000000000000;-56,500000000000000;16,469999999999999;2320,0063477
1332;11983;52922;-33,380000000000003;-19,199999999999999;-62,899999999999999;14,550000000000001;1600,1334229
1333;11984;52923;-239,680000000000007;-32,899999999999999;-946,399999999999977;257,920000000000016;
1334;11985;52924;-211,159999999999997;-85,200000000000003;-368,899999999999977;91,909999999999997;
1335;11986;52932;-278,269999999999982;-18,300000000000001;-806,500000000000000;291,850000000000023;1266,8232422
1336;11987;52933;-344,300000000000011;-189,199999999999989;-579,799999999999955;127,409999999999997;1270,3912354
1337;11988;52934;-415,980000000000018;-52,500000000000000;-1222,599999999999909;441,410000000000025;1273,3945312
1338;11989;52935;-285,860000000000014;-55,100000000000001;-965,500000000000000;303,360000000000014;1277,0734863
1339;11990;52941;-185,819999999999993;-158,099999999999994;-283,000000000000000;43,899999999999999;
1340;11991;52942;-281,500000000000000;-157,699999999999989;-409,399999999999977;82,950000000000003;
1341;11992;52943;-208,889999999999986;0,700000000000000;-569,899999999999977;213,669999999999987;
1342;11993;52944;-258,290000000000020;5,600000000000000;-1013,700000000000045;331,709999999999980;
1343;11994;52945;-166,990000000000009;-9,300000000000001;-535,399999999999977;169,610000000000014;
1344;11995;52946;-176,960000000000008;-121,099999999999994;-287,000000000000000;58,210000000000001;
1345;11996;52948;-112,379999999999995;-17,199999999999999;-187,300000000000011;75,370000000000005;
1346;11997;52949;-281,589999999999975;-15,500000000000000;-961,799999999999955;332,199999999999989;1280,4965820
1347;11998;52951;-365,129999999999995;0,500000000000000;-903,500000000000000;330,519999999999982;1279,5291748
1348;11999;52956;-101,849999999999994;-35,100000000000001;-209,000000000000000;64,739999999999995;1286,4022217
1349;12000;52957;-6,050000000000000;-3,500000000000000;-8,600000000000000;2,550000000000000;
1350;12001;52959;-161,800000000000011;-3,700000000000000;-505,699999999999989;200,759999999999991;
1351;12002;52960;-487,670000000000016;-133,099999999999994;-720,600000000000023;254,800000000000011;
1352;12003;52966;-180,639999999999986;10,100000000000000;-735,200000000000045;229,189999999999998;1276,1242676
1353;12004;52968;-283,800000000000011;-283,800000000000011;-283,800000000000011;0,000000000000000;1283,1252441
1354;12005;52969;-158,250000000000000;-116,700000000000003;-199,800000000000011;41,549999999999997;1279,2414551
1355;12006;52975;-110,129999999999995;-105,099999999999994;-114,599999999999994;3,330000000000000;1274,8507080
1356;12007;52976;-104,260000000000005;-80,200000000000003;-123,200000000000003;17,350000000000001;1277,9398193
1357;12008;52978;-58,420000000000002;-18,100000000000001;-93,400000000000006;24,340000000000000;1280,2264404
1358;12009;52979;-83,450000000000003;-5,200000000000000;-190,400000000000006;65,870000000000005;1278,6727295
1359;12010;52983;-50,670000000000002;-5,900000000000000;-108,700000000000003;30,579999999999998;
1360;12011;52985;-56,460000000000001;-35,200000000000003;-71,200000000000003;11,750000000000000;
1361;12012;52987;-35,359999999999999;-0,500000000000000;-74,200000000000003;25,520000000000000;1290,1549072
1362;12013;52989;-127,439999999999998;-27,100000000000001;-361,399999999999977;122,209999999999994;
1363;12014;52990;-100,120000000000005;-54,799999999999997;-200,300000000000011;47,570000000000000;
1364;12015;52991;-49,020000000000003;-24,699999999999999;-89,099999999999994;27,059999999999999;
1365;12016;52992;-81,329999999999998;-15,500000000000000;-226,199999999999989;68,150000000000006;
1366;12017;52993;-75,390000000000001;0,300000000000000;-285,399999999999977;91,489999999999995;
1367;12018;52996;-73,439999999999998;-26,199999999999999;-181,300000000000011;51,310000000000002;1477,9405518
1368;12019;52997;-122,480000000000004;-0,100000000000000;-515,500000000000000;180,750000000000000;2012,9161377
1369;12020;52999;-122,000000000000000;-1,000000000000000;-499,899999999999977;142,919999999999987;
1370;12021;53000;-198,379999999999995;-13,900000000000000;-577,500000000000000;250,289999999999992;
1371;12022;53001;-109,129999999999995;-89,400000000000006;-148,000000000000000;20,289999999999999;
1372;12023;53002;-113,379999999999995;-5,100000000000000;-406,399999999999977;110,280000000000001;
1373;12024;53003;-170,009999999999991;-16,899999999999999;-567,100000000000023;181,550000000000011;
1374;12025;53004;-110,920000000000002;-0,700000000000000;-435,800000000000011;145,699999999999989;
1375;12026;53005;-77,879999999999995;-39,799999999999997;-133,500000000000000;35,170000000000002;
1376;12027;53006;-195,979999999999990;-17,300000000000001;-513,500000000000000;131,430000000000007;
1377;12028;53007;-99,739999999999995;6,200000000000000;-490,899999999999977;155,349999999999994;
1378;12029;53008;-161,099999999999994;-5,600000000000000;-580,500000000000000;214,930000000000007;
1379;12030;53009;-200,180000000000007;-31,699999999999999;-600,100000000000023;197,639999999999986;
1380;12031;53010;-59,079999999999998;-27,500000000000000;-88,500000000000000;18,039999999999999;
1381;12032;53011;-167,259999999999991;-4,600000000000000;-520,700000000000045;180,539999999999992;
1382;12033;53016;-37,829999999999998;-15,699999999999999;-84,700000000000003;20,820000000000000;
1383;12034;53022;-49,670000000000002;-0,900000000000000;-112,299999999999997;44,509999999999998;
1384;12035;53024;-18,359999999999999;5,600000000000000;-67,599999999999994;25,930000000000000;
1385;12036;53029;-128,340000000000003;1,200000000000000;-415,399999999999977;152,680000000000007;
1386;12037;53033;-89,829999999999998;-48,299999999999997;-179,199999999999989;48,369999999999997;
1387;12038;53036;-17,000000000000000;-2,500000000000000;-25,800000000000001;8,830000000000000;1311,7648926
1388;12039;53038;-47,479999999999997;-20,399999999999999;-65,400000000000006;15,770000000000000;1315,6895752
1389;12040;53039;-221,569999999999993;-17,399999999999999;-810,100000000000023;272,550000000000011;1317,6212158
1390;12041;53044;-147,930000000000007;-44,700000000000003;-308,000000000000000;88,530000000000001;
1391;12042;53045;-5,680000000000000;4,100000000000000;-11,199999999999999;6,120000000000000;
1392;12043;53052;-48,630000000000003;3,200000000000000;-101,599999999999994;33,000000000000000;
1393;12044;53059;-52,070000000000000;-14,699999999999999;-71,500000000000000;17,800000000000001;
1394;12045;53060;-44,049999999999997;-8,199999999999999;-54,399999999999999;16,280000000000001;
1395;12046;53063;-29,660000000000000;-13,300000000000001;-44,299999999999997;10,130000000000001;
1396;12047;53065;-40,289999999999999;-8,600000000000000;-53,899999999999999;17,460000000000001;
1397;12048;53066;-32,299999999999997;-2,600000000000000;-62,299999999999997;22,770000000000000;
1398;12049;53067;-43,329999999999998;-20,600000000000001;-55,700000000000003;11,890000000000001;
1399;12050;53068;-87,939999999999998;-1,800000000000000;-294,000000000000000;88,400000000000006;
1400;12051;53069;-60,509999999999998;-5,200000000000000;-105,599999999999994;35,009999999999998;
1401;12052;53070;-82,349999999999994;-7,500000000000000;-185,400000000000006;63,219999999999999;
1402;12053;53071;-57,380000000000003;-13,699999999999999;-77,599999999999994;17,600000000000001;
1403;12054;53072;-40,670000000000002;-6,700000000000000;-53,100000000000001;15,020000000000000;
1404;12055;53073;-98,430000000000007;-12,900000000000000;-287,899999999999977;83,230000000000004;
1405;12056;53074;-66,079999999999998;-1,800000000000000;-174,300000000000011;57,490000000000002;
1406;12057;53075;-42,500000000000000;-12,000000000000000;-59,500000000000000;15,779999999999999;1337,5710449
1407;12058;53076;-101,379999999999995;-7,500000000000000;-208,599999999999994;57,000000000000000;1786,7072754
1408;12059;53078;-182,490000000000009;-7,700000000000000;-391,199999999999989;114,409999999999997;
1409;12060;53079;-282,480000000000018;-9,199999999999999;-682,200000000000045;189,439999999999998;2750,9702148
1410;12061;53080;-119,950000000000003;-2,800000000000000;-317,699999999999989;97,310000000000002;
1411;12062;53081;-234,280000000000001;-46,700000000000003;-647,799999999999955;175,099999999999994;
1412;12063;53082;-179,919999999999987;-10,100000000000000;-324,000000000000000;108,780000000000001;
1413;12064;53083;-211,819999999999993;-63,700000000000003;-480,399999999999977;160,960000000000008;
1414;12065;53084;-210,800000000000011;-32,799999999999997;-411,300000000000011;146,560000000000002;
1415;12066;53085;-231,520000000000010;-73,799999999999997;-712,299999999999955;231,780000000000001;
1416;12067;53088;-84,340000000000003;-47,399999999999999;-169,500000000000000;39,340000000000003;
1417;12068;53089;-157,520000000000010;-37,299999999999997;-407,600000000000023;128,530000000000001;
1418;12069;53090;-180,000000000000000;-37,299999999999997;-471,199999999999989;148,530000000000001;
1419;12070;53091;-41,149999999999999;-21,100000000000001;-58,200000000000003;15,949999999999999;
1420;12071;53092;-119,980000000000004;-19,500000000000000;-417,699999999999989;121,760000000000005;
1421;12072;53093;-59,520000000000003;-16,199999999999999;-88,400000000000006;35,369999999999997;
1422;12073;53094;-128,560000000000002;-44,899999999999999;-376,800000000000011;101,549999999999997;
1423;12074;53095;-49,170000000000002;-41,700000000000003;-53,799999999999997;4,710000000000000;
1424;12075;53096;-259,949999999999989;-103,200000000000003;-542,899999999999977;176,139999999999986;
1425;12076;53098;-92,640000000000001;-22,199999999999999;-218,599999999999994;73,640000000000001;
1426;12077;53099;-74,030000000000001;-36,399999999999999;-98,599999999999994;22,870000000000001;
1427;12078;53101;-49,680000000000000;-13,699999999999999;-81,599999999999994;21,609999999999999;
1428;12079;53102;-251,370000000000005;-22,199999999999999;-661,299999999999955;194,930000000000007;
1429;12080;53105;-79,250000000000000;-79,200000000000003;-79,299999999999997;0,050000000000000;
1430;12081;53106;-75,659999999999997;-63,500000000000000;-83,299999999999997;7,020000000000000;
1431;12082;53107;-118,739999999999995;-36,799999999999997;-312,899999999999977;79,849999999999994;2588,0295410
1432;12083;53110;-251,180000000000007;-27,600000000000001;-453,600000000000023;168,139999999999986;
1433;12084;53114;-42,329999999999998;-21,600000000000001;-58,100000000000001;12,060000000000000;
1434;12085;53119;-62,369999999999997;-19,800000000000001;-233,599999999999994;77,090000000000003;
1435;12086;53120;-54,820000000000000;-20,399999999999999;-115,299999999999997;34,450000000000003;
1436;12087;53127;-50,829999999999998;-34,500000000000000;-61,899999999999999;11,010000000000000;
1437;12088;53130;-93,969999999999999;-42,500000000000000;-185,199999999999989;54,659999999999997;
1438;12089;53132;-57,640000000000001;-34,000000000000000;-66,900000000000006;10,980000000000000;1417,0513916
1439;12090;53133;-112,299999999999997;-15,600000000000000;-508,699999999999989;163,099999999999994;1418,6015625
1440;12091;53134;-30,940000000000001;-13,100000000000000;-48,000000000000000;14,880000000000001;
1441;12092;53136;-48,530000000000001;-17,399999999999999;-80,299999999999997;19,309999999999999;
1442;12093;53137;-51,729999999999997;-49,299999999999997;-53,500000000000000;1,780000000000000;
1443;12094;53138;-82,310000000000002;-23,899999999999999;-156,300000000000011;53,789999999999999;
1444;12095;53140;-10,100000000000000;-1,900000000000000;-29,699999999999999;11,410000000000000;
1445;12096;53141;-100,650000000000006;-96,299999999999997;-105,000000000000000;4,350000000000000;
1446;12097;53142;-59,600000000000001;-59,500000000000000;-59,700000000000003;0,100000000000000;
1447;12098;53144;-103,659999999999997;-46,500000000000000;-218,500000000000000;61,820000000000000;1431,2601318
1448;12099;53145;-54,740000000000002;-48,000000000000000;-62,299999999999997;4,860000000000000;1432,1112061
1449;12100;53146;-87,420000000000002;-59,299999999999997;-202,099999999999994;51,530000000000001;
1450;12101;53161;-191,840000000000003;-22,899999999999999;-436,500000000000000;178,830000000000013;
1451;12102;53164;-74,719999999999999;-49,399999999999999;-95,700000000000003;18,719999999999999;
1452;12103;53166;-183,259999999999991;-28,100000000000001;-743,500000000000000;261,100000000000023;
1453;12104;53176;-61,950000000000003;-61,600000000000001;-62,299999999999997;0,350000000000000;
1454;12105;53177;-209,389999999999986;-42,899999999999999;-482,500000000000000;167,870000000000005;
1455;12106;53178;-45,729999999999997;-36,500000000000000;-49,500000000000000;5,390000000000000;
1456;12107;53179;-235,060000000000002;-94,400000000000006;-409,600000000000023;107,549999999999997;3765,7021484
1457;12108;53180;-194,879999999999995;-144,900000000000006;-261,300000000000011;42,990000000000002;3173,2099609
1458;12109;53181;-39,700000000000003;-15,000000000000000;-89,000000000000000;34,859999999999999;3146,2229004
1459;12110;53183;-56,350000000000001;3,600000000000000;-132,599999999999994;48,840000000000003;
1460;12111;53185;-67,219999999999999;-21,399999999999999;-104,299999999999997;38,090000000000003;
1461;12112;53186;-102,469999999999999;-11,900000000000000;-390,600000000000023;122,040000000000006;
1462;12113;53187;-91,700000000000003;-5,500000000000000;-256,399999999999977;97,019999999999996;
1463;12114;53190;-193,039999999999992;-27,000000000000000;-559,799999999999955;158,849999999999994;
1464;12115;53191;-263,519999999999982;-101,799999999999997;-450,899999999999977;124,790000000000006;
1465;12116;53192;-186,189999999999998;-88,200000000000003;-425,199999999999989;104,159999999999997;
1466;12117;53193;-248,530000000000001;-50,399999999999999;-509,199999999999989;144,490000000000009;
1467;12118;53194;-191,069999999999993;-76,000000000000000;-378,399999999999977;125,829999999999998;
1468;12119;53195;-200,689999999999998;-40,700000000000003;-530,700000000000045;155,770000000000010;
1469;12120;53196;-204,240000000000009;-18,500000000000000;-619,700000000000045;158,530000000000001;
1470;12121;53197;-51,700000000000003;-37,500000000000000;-65,099999999999994;7,530000000000000;
1471;12122;53198;-184,259999999999991;-11,500000000000000;-526,399999999999977;137,879999999999995;
1472;12123;53199;-199,270000000000010;-19,899999999999999;-517,000000000000000;173,729999999999990;
1473;12124;53201;-309,160000000000025;-218,000000000000000;-401,100000000000023;79,959999999999994;
1474;12125;53203;-138,229999999999990;-19,000000000000000;-324,800000000000011;112,420000000000002;
1475;12126;53205;-212,500000000000000;-37,899999999999999;-298,500000000000000;102,230000000000004;
1476;12127;53206;-281,199999999999989;-68,799999999999997;-336,100000000000023;90,390000000000001;
1477;12128;53207;-76,599999999999994;-56,200000000000003;-105,900000000000006;18,129999999999999;
1478;12129;53208;-168,530000000000001;-7,900000000000000;-580,899999999999977;178,129999999999995;
1479;12130;53209;-60,829999999999998;-21,600000000000001;-86,900000000000006;18,870000000000001;
1480;12131;53210;-116,469999999999999;-16,199999999999999;-464,699999999999989;136,979999999999990;
1481;12132;53211;-202,439999999999998;0,500000000000000;-843,200000000000045;268,439999999999998;
1482;12133;53212;-146,169999999999987;0,900000000000000;-666,600000000000023;203,719999999999999;
1483;12134;53213;-210,669999999999987;-17,699999999999999;-510,899999999999977;134,069999999999993;
1484;12135;53214;-345,060000000000002;-126,400000000000006;-611,799999999999955;177,129999999999995;
1485;12136;53215;-421,600000000000023;-421,600000000000023;-421,600000000000023;0,000000000000000;
1486;12137;53216;-56,240000000000002;-24,500000000000000;-87,599999999999994;22,660000000000000;
1487;12138;53217;-66,780000000000001;1,200000000000000;-83,900000000000006;22,210000000000001;
1488;12139;53218;-145,879999999999995;-17,199999999999999;-598,899999999999977;176,340000000000003;
1489;12140;53219;-119,019999999999996;-2,400000000000000;-416,899999999999977;118,349999999999994;
1490;12141;53220;-186,460000000000008;-17,100000000000001;-416,800000000000011;128,030000000000001;
1491;12142;53221;-186,780000000000001;-61,899999999999999;-524,100000000000023;135,509999999999991;
1492;12143;53222;-180,539999999999992;-14,800000000000001;-518,799999999999955;163,759999999999991;
1493;12144;53223;-56,049999999999997;-6,700000000000000;-163,900000000000006;50,909999999999997;
1494;12145;53224;-175,500000000000000;-19,500000000000000;-401,600000000000023;135,919999999999987;
1495;12146;53225;-106,959999999999994;-15,500000000000000;-232,500000000000000;77,090000000000003;
1496;12147;53226;-242,780000000000001;-2,600000000000000;-633,600000000000023;196,889999999999986;
1497;12148;53227;-260,860000000000014;-51,700000000000003;-646,799999999999955;204,340000000000003;
1498;12149;53228;-284,879999999999995;-98,099999999999994;-472,399999999999977;137,189999999999998;
1499;12150;53229;-350,600000000000023;-70,700000000000003;-690,500000000000000;209,840000000000003;
1500;12151;53230;-236,509999999999991;-67,099999999999994;-708,200000000000045;202,349999999999994;
1501;12152;53231;-242,949999999999989;-9,900000000000000;-757,799999999999955;195,860000000000014;
1502;12153;53232;-86,140000000000001;-21,500000000000000;-144,699999999999989;44,500000000000000;
1503;12154;53233;-195,620000000000005;-34,799999999999997;-669,299999999999955;183,050000000000011;
1504;12155;53234;-129,740000000000009;-3,700000000000000;-292,600000000000023;88,840000000000003;
1505;12156;53235;-186,719999999999999;-23,399999999999999;-556,100000000000023;145,960000000000008;
1506;12157;53236;-216,370000000000005;-15,300000000000001;-582,500000000000000;187,719999999999999;
1507;12158;53237;-112,430000000000007;-31,399999999999999;-270,600000000000023;60,130000000000003;
1508;12159;53238;-119,000000000000000;-16,100000000000001;-205,900000000000006;63,740000000000002;
1509;12160;53239;-160,520000000000010;-27,699999999999999;-471,600000000000023;130,669999999999987;
1510;12161;53240;-175,560000000000002;-54,899999999999999;-671,399999999999977;187,139999999999986;
1511;12162;53241;-250,270000000000010;-60,399999999999999;-608,000000000000000;207,930000000000007;
1512;12163;53242;-165,400000000000006;-9,300000000000001;-682,299999999999955;203,840000000000003;
1513;12164;53243;-94,250000000000000;-16,399999999999999;-291,100000000000023;79,719999999999999;
1514;12165;53245;-230,729999999999990;-18,899999999999999;-879,500000000000000;268,389999999999986;
1515;12166;53246;-33,689999999999998;-10,100000000000000;-48,500000000000000;14,090000000000000;
1516;12167;53248;-137,370000000000005;-59,899999999999999;-306,500000000000000;93,329999999999998;
1517;12168;53249;-62,810000000000002;-36,100000000000001;-85,000000000000000;19,370000000000001;
1518;12169;53251;-167,689999999999998;-1,200000000000000;-583,899999999999977;198,919999999999987;
1519;12170;53252;-192,759999999999991;-75,500000000000000;-394,699999999999989;109,629999999999995;
1520;12171;53253;-116,730000000000004;-11,400000000000000;-288,199999999999989;86,640000000000001;
1521;12172;53254;-177,699999999999989;-25,800000000000001;-457,500000000000000;168,069999999999993;
1522;12173;53266;-63,130000000000003;-4,100000000000000;-144,199999999999989;44,009999999999998;
1523;12174;53268;-65,189999999999998;-19,800000000000001;-280,399999999999977;73,230000000000004;
1524;12175;53269;-142,400000000000006;-7,100000000000000;-576,299999999999955;212,729999999999990;
1525;12176;53276;-79,959999999999994;-6,800000000000000;-292,800000000000011;76,750000000000000;
1526;12177;53277;-80,370000000000005;-25,000000000000000;-310,100000000000023;75,299999999999997;
1527;12178;53278;-115,400000000000006;-40,700000000000003;-266,600000000000023;75,549999999999997;
1528;12179;53279;-193,550000000000011;-122,099999999999994;-355,399999999999977;84,510000000000005;
1529;12180;53280;-141,430000000000007;-10,300000000000001;-315,600000000000023;89,140000000000001;
1530;12181;53281;-235,409999999999997;-21,300000000000001;-446,800000000000011;143,750000000000000;
1531;12182;53282;-147,400000000000006;-87,700000000000003;-242,500000000000000;48,729999999999997;
1532;12183;53283;-84,569999999999993;-3,000000000000000;-131,199999999999989;39,100000000000001;
1533;12184;53284;-84,569999999999993;-25,399999999999999;-203,400000000000006;49,799999999999997;
1534;12185;53285;-95,530000000000001;-25,000000000000000;-252,199999999999989;62,899999999999999;
1535;12186;53287;-87,719999999999999;-26,899999999999999;-183,900000000000006;44,119999999999997;
1536;12187;53289;-107,370000000000005;-44,299999999999997;-219,699999999999989;57,409999999999997;
1537;12188;53290;-117,090000000000003;-47,200000000000003;-365,800000000000011;84,500000000000000;
1538;12189;53291;-181,639999999999986;-18,899999999999999;-304,899999999999977;114,390000000000001;
1539;12190;53292;-104,569999999999993;-21,300000000000001;-183,099999999999994;60,689999999999998;
1540;12191;53293;-188,689999999999998;-21,100000000000001;-409,100000000000023;169,270000000000010;
1541;12192;53294;-79,969999999999999;-28,199999999999999;-105,299999999999997;23,570000000000000;
1542;12193;53295;-94,250000000000000;-16,000000000000000;-172,099999999999994;42,990000000000002;
1543;12194;53296;-83,689999999999998;-27,199999999999999;-134,300000000000011;34,030000000000001;
1544;12195;53297;-95,370000000000005;-12,699999999999999;-183,699999999999989;51,590000000000003;
1545;12196;53298;-91,680000000000007;-8,900000000000000;-206,500000000000000;54,189999999999998;
1546;12197;53299;-96,609999999999999;-26,800000000000001;-234,199999999999989;58,579999999999998;1362,7377930
1547;12198;53300;-158,990000000000009;-46,799999999999997;-310,399999999999977;80,340000000000003;1362,2336426
1548;12199;53301;-88,200000000000003;-14,699999999999999;-162,900000000000006;47,119999999999997;1361,2675781
1549;12200;53302;-130,610000000000014;-15,100000000000000;-286,800000000000011;86,200000000000003;1036,4079590
1550;12201;53303;-107,510000000000005;-23,100000000000001;-236,400000000000006;62,880000000000003;648,1789551
1551;12202;53304;-148,759999999999991;-9,300000000000001;-376,000000000000000;128,590000000000003;646,4929810
1552;12203;53305;-83,060000000000002;-19,500000000000000;-164,199999999999989;48,509999999999998;1112,6907959
1553;12204;53306;-69,840000000000003;-35,600000000000001;-138,900000000000006;32,700000000000003;969,6377563
1554;12205;53307;-72,030000000000001;-20,300000000000001;-154,099999999999994;44,210000000000001;637,4413452
1555;12206;53308;-121,750000000000000;-4,900000000000000;-350,600000000000023;125,349999999999994;
1556;12207;53309;-48,600000000000001;5,500000000000000;-117,700000000000003;43,070000000000000;
1557;12208;53310;-71,739999999999995;-1,700000000000000;-233,599999999999994;77,959999999999994;
1558;12209;53311;-116,819999999999993;-7,400000000000000;-411,899999999999977;127,230000000000004;
1559;12210;53312;-87,780000000000001;-12,500000000000000;-185,699999999999989;45,439999999999998;
1560;12211;53313;-194,960000000000008;-36,399999999999999;-554,500000000000000;208,460000000000008;
1561;12212;53314;-61,060000000000002;-36,700000000000003;-77,400000000000006;15,750000000000000;
1562;12213;53315;-37,030000000000001;-12,900000000000000;-78,299999999999997;21,910000000000000;
1563;12214;53316;-164,490000000000009;-9,600000000000000;-559,600000000000023;204,389999999999986;
1564;12215;53317;-44,270000000000003;-13,600000000000000;-78,299999999999997;26,440000000000001;
1565;12216;53318;-83,469999999999999;-27,399999999999999;-238,500000000000000;66,180000000000007;1092,8968506
1566;12217;53319;-59,590000000000003;-5,100000000000000;-109,299999999999997;34,530000000000001;
1567;12218;53320;-209,210000000000008;-24,100000000000001;-561,899999999999977;178,780000000000001;
1568;12219;53321;-186,360000000000014;-59,299999999999997;-377,500000000000000;124,120000000000005;
1569;12220;53322;-178,300000000000011;-11,199999999999999;-375,500000000000000;118,219999999999999;
1570;12221;53323;-84,700000000000003;-29,300000000000001;-125,400000000000006;28,039999999999999;
1571;12222;53324;-304,649999999999977;-84,500000000000000;-804,299999999999955;238,120000000000005;
1572;12223;53325;-175,129999999999995;-61,299999999999997;-354,800000000000011;99,219999999999999;
1573;12224;53326;-56,039999999999999;-20,399999999999999;-102,700000000000003;27,440000000000001;
1574;12225;53327;-331,149999999999977;-21,100000000000001;-731,600000000000023;271,509999999999991;
1575;12226;53328;-143,150000000000006;-24,500000000000000;-408,000000000000000;122,810000000000002;
1576;12227;53329;-147,699999999999989;-10,600000000000000;-424,399999999999977;120,150000000000006;
1577;12228;53330;-93,189999999999998;-2,500000000000000;-259,600000000000023;82,040000000000006;
1578;12229;53331;-49,289999999999999;-9,400000000000000;-113,500000000000000;32,880000000000003;
1579;12230;53332;-75,939999999999998;-15,300000000000001;-171,400000000000006;52,250000000000000;
1580;12231;53333;-116,000000000000000;3,400000000000000;-444,300000000000011;166,189999999999998;
1581;12232;53334;-83,299999999999997;-20,000000000000000;-208,000000000000000;67,420000000000002;
1582;12233;53335;-52,060000000000002;-29,000000000000000;-92,200000000000003;21,180000000000000;
1583;12234;53336;-48,409999999999997;-24,300000000000001;-70,700000000000003;15,480000000000000;1329,2277832
1584;12235;53337;-25,840000000000000;-7,700000000000000;-52,700000000000003;16,920000000000002;
1585;12236;53338;-48,310000000000002;-25,300000000000001;-66,400000000000006;13,710000000000001;
1586;12237;53339;-93,090000000000003;-15,900000000000000;-277,699999999999989;106,269999999999996;
1587;12238;53340;-43,240000000000002;-9,199999999999999;-110,299999999999997;34,820000000000000;
1588;12239;53341;-91,799999999999997;0,500000000000000;-405,699999999999989;141,879999999999995;
1589;12240;53342;-39,310000000000002;-4,200000000000000;-78,599999999999994;21,719999999999999;1325,8122559
1590;12241;53343;-101,510000000000005;-10,800000000000001;-303,199999999999989;89,450000000000003;1325,5853271
1591;12242;53344;-87,599999999999994;-9,900000000000000;-278,000000000000000;94,359999999999999;1325,3583984
1592;12243;53345;-52,240000000000002;-12,600000000000000;-105,799999999999997;29,399999999999999;
1593;12244;53347;-59,159999999999997;-22,699999999999999;-116,900000000000006;27,300000000000001;
1594;12245;53348;-65,060000000000002;-8,400000000000000;-252,300000000000011;65,469999999999999;
1595;12246;53349;-49,590000000000003;-15,100000000000000;-143,199999999999989;32,229999999999997;
1596;12247;53350;-46,070000000000000;1,300000000000000;-109,099999999999994;38,229999999999997;
1597;12248;53351;-58,119999999999997;2,400000000000000;-154,500000000000000;58,640000000000001;
1598;12249;53352;-42,640000000000001;-22,199999999999999;-89,799999999999997;24,710000000000001;
1599;12250;53353;-33,899999999999999;-5,700000000000000;-93,799999999999997;27,520000000000000;
1600;12251;53354;-55,469999999999999;5,400000000000000;-131,699999999999989;39,869999999999997;
1601;12252;53355;-64,680000000000007;-28,300000000000001;-117,200000000000003;29,120000000000001;
1602;12253;53356;-110,140000000000001;-14,400000000000000;-383,600000000000023;137,849999999999994;
1603;12254;53357;-83,719999999999999;-11,000000000000000;-141,400000000000006;49,950000000000003;
1604;12255;53358;-79,359999999999999;-6,800000000000000;-173,300000000000011;55,930000000000000;
1605;12256;53359;-50,799999999999997;-27,199999999999999;-99,799999999999997;22,960000000000001;
1606;12257;53360;-57,530000000000001;-12,100000000000000;-89,000000000000000;30,210000000000001;
1607;12258;53363;-132,599999999999994;-63,000000000000000;-272,300000000000011;79,980000000000004;
1608;12259;53364;-132,550000000000011;-36,399999999999999;-229,500000000000000;75,400000000000006;
1609;12260;53365;-131,520000000000010;-36,500000000000000;-250,800000000000011;77,590000000000003;1312,3870850
1610;12261;53366;-85,500000000000000;-26,899999999999999;-142,400000000000006;49,329999999999998;
1611;12262;53367;-125,920000000000002;-47,100000000000001;-219,099999999999994;56,549999999999997;
1612;12263;53368;-142,580000000000013;-97,900000000000006;-218,599999999999994;47,719999999999999;
1613;12264;53369;-144,650000000000006;-41,399999999999999;-226,699999999999989;60,439999999999998;
1614;12265;53370;-162,729999999999990;-129,800000000000011;-202,699999999999989;29,079999999999998;
1615;12266;53371;-182,729999999999990;-114,799999999999997;-247,400000000000006;53,969999999999999;
1616;12267;53372;-44,840000000000003;1,500000000000000;-63,399999999999999;23,730000000000000;
1617;12268;53373;-128,169999999999987;-1,900000000000000;-459,399999999999977;152,819999999999993;
1618;12269;53374;-76,170000000000002;-47,600000000000001;-118,400000000000006;26,710000000000001;
1619;12270;53375;-108,450000000000003;-5,300000000000000;-217,699999999999989;86,239999999999995;
1620;12271;53376;-43,479999999999997;-19,000000000000000;-70,500000000000000;19,239999999999998;
1621;12272;53377;-71,319999999999993;-9,000000000000000;-199,500000000000000;66,920000000000002;
1622;12273;53378;-74,620000000000005;-11,800000000000001;-204,199999999999989;63,759999999999998;
1623;12274;53379;-44,399999999999999;-3,100000000000000;-97,200000000000003;31,280000000000001;
1624;12275;53380;-383,300000000000011;-383,300000000000011;-383,300000000000011;0,000000000000000;
1625;12276;53381;-134,849999999999994;-7,400000000000000;-408,699999999999989;128,430000000000007;
1626;12277;53382;-187,020000000000010;-17,199999999999999;-458,100000000000023;191,370000000000005;
1627;12278;53383;-73,930000000000007;-0,300000000000000;-137,000000000000000;54,840000000000003;
1628;12279;53384;-65,849999999999994;3,500000000000000;-225,800000000000011;93,510000000000005;
1629;12280;53385;-49,729999999999997;-24,899999999999999;-106,000000000000000;33,140000000000001;
1630;12281;53386;-56,960000000000001;-22,100000000000001;-96,500000000000000;24,879999999999999;
1631;12282;53388;-77,040000000000006;-14,900000000000000;-119,299999999999997;35,680000000000000;
1632;12283;53389;-38,969999999999999;-0,500000000000000;-98,500000000000000;36,479999999999997;
1633;12284;53390;-60,680000000000000;-20,000000000000000;-114,000000000000000;34,039999999999999;
1634;12285;53391;-44,380000000000003;-32,299999999999997;-54,200000000000003;7,530000000000000;
1635;12286;53392;-64,569999999999993;-45,600000000000001;-97,799999999999997;19,460000000000001;
1636;12287;53393;-228,520000000000010;-31,000000000000000;-635,500000000000000;213,069999999999993;
1637;12288;53394;-66,629999999999995;-52,799999999999997;-75,599999999999994;8,430000000000000;
1638;12289;53398;-55,240000000000002;-3,500000000000000;-165,300000000000011;57,659999999999997;
1639;12290;53400;-82,730000000000004;-10,699999999999999;-241,300000000000011;72,840000000000003;
1640;12291;53403;-48,950000000000003;-18,199999999999999;-79,700000000000003;30,750000000000000;2992,0117188
1641;12292;53404;-56,930000000000000;-35,700000000000003;-95,900000000000006;27,590000000000000;
1642;12293;53408;-367,350000000000023;-201,699999999999989;-653,600000000000023;186,060000000000002;
1643;12294;53410;-44,299999999999997;-27,600000000000001;-61,000000000000000;16,699999999999999;
1644;12295;53411;-24,399999999999999;-24,399999999999999;-24,399999999999999;0,000000000000000;
1645;12296;53415;-82,799999999999997;-80,400000000000006;-86,900000000000006;2,910000000000000;
1646;12297;53418;-112,700000000000003;-98,799999999999997;-126,599999999999994;13,900000000000000;1251,0251465
1647;12298;53420;-377,699999999999989;-377,699999999999989;-377,699999999999989;0,000000000000000;
1648;12299;53422;-145,349999999999994;-31,899999999999999;-248,000000000000000;73,469999999999999;
1649;12300;53423;-333,310000000000002;-44,600000000000001;-611,399999999999977;200,479999999999990;
1650;12301;53427;-63,079999999999998;-21,899999999999999;-85,099999999999994;25,020000000000000;
1651;12302;53429;-94,140000000000001;-0,800000000000000;-143,000000000000000;42,420000000000002;
1652;12303;53430;-57,250000000000000;-54,899999999999999;-59,600000000000001;2,350000000000000;
1653;12304;53431;-66,549999999999997;-46,899999999999999;-85,200000000000003;15,140000000000001;
1654;12305;53433;-2,100000000000000;-2,100000000000000;-2,100000000000000;0,000000000000000;
1655;12306;53434;-191,729999999999990;-77,799999999999997;-411,500000000000000;129,379999999999995;
1656;12307;53436;-21,000000000000000;-17,699999999999999;-26,800000000000001;3,530000000000000;1928,7827148
1657;12308;53437;-75,680000000000007;-46,200000000000003;-105,099999999999994;22,160000000000000;1636,8151855
1658;12309;53439;-120,750000000000000;-75,799999999999997;-165,699999999999989;44,950000000000003;
1659;12310;53440;-47,799999999999997;-47,299999999999997;-48,299999999999997;0,500000000000000;
1660;12311;53441;-74,280000000000001;-29,199999999999999;-106,200000000000003;29,510000000000002;
1661;12312;53443;-418,170000000000016;-320,300000000000011;-488,399999999999977;71,349999999999994;
1662;12313;53444;-83,290000000000006;-36,000000000000000;-196,500000000000000;51,710000000000001;
1663;12314;53448;-177,819999999999993;-12,300000000000001;-499,000000000000000;179,509999999999991;
1664;12315;53449;-163,919999999999987;-29,699999999999999;-267,600000000000023;88,379999999999995;
1665;12316;53450;-86,670000000000002;-40,600000000000001;-157,199999999999989;44,200000000000003;
1666;12317;53452;-479,350000000000023;-478,000000000000000;-480,699999999999989;1,350000000000000;1207,0321045
1667;12318;53455;-257,529999999999973;-1,600000000000000;-642,600000000000023;256,870000000000005;
1668;12319;53458;-7,100000000000000;-4,900000000000000;-9,900000000000000;2,080000000000000;
1669;12320;53459;-57,420000000000002;-23,500000000000000;-91,900000000000006;18,379999999999999;
1670;12321;53460;-111,870000000000005;-1,200000000000000;-278,899999999999977;100,150000000000006;
1671;12322;53461;-74,310000000000002;-10,100000000000000;-180,599999999999994;46,320000000000000;
1672;12323;53464;-41,119999999999997;-13,300000000000001;-73,000000000000000;22,800000000000001;
1673;12324;53466;-189,849999999999994;0,600000000000000;-648,799999999999955;235,810000000000002;
1674;12325;53467;-117,879999999999995;-47,000000000000000;-180,199999999999989;49,700000000000003;
1675;12326;53468;-49,320000000000000;-0,700000000000000;-126,599999999999994;47,180000000000000;
1676;12327;53469;-15,900000000000000;-3,900000000000000;-49,799999999999997;14,880000000000001;
1677;12328;53470;-49,820000000000000;-15,199999999999999;-116,200000000000003;37,119999999999997;
1678;12329;53478;-33,880000000000003;-17,500000000000000;-46,700000000000003;11,760000000000000;
1679;12330;53481;-20,079999999999998;-4,800000000000000;-41,299999999999997;13,359999999999999;
1680;12331;53482;-13,520000000000000;1,800000000000000;-25,199999999999999;11,109999999999999;
1681;12332;53484;-74,500000000000000;0,100000000000000;-311,899999999999977;102,569999999999993;
1682;12333;53486;-176,729999999999990;-134,500000000000000;-252,500000000000000;53,880000000000003;
1683;12334;53488;-228,500000000000000;-30,399999999999999;-419,500000000000000;156,280000000000001;1229,0108643
1684;12335;53490;-33,250000000000000;-14,900000000000000;-51,600000000000001;18,350000000000001;
1685;12336;53491;-18,280000000000001;6,900000000000000;-39,399999999999999;15,580000000000000;
1686;12337;53493;-42,530000000000001;1,900000000000000;-111,799999999999997;49,630000000000003;
1687;12338;53494;-68,170000000000002;-2,400000000000000;-113,700000000000003;43,140000000000001;
1688;12339;53495;-159,400000000000006;-22,899999999999999;-222,500000000000000;79,560000000000002;
1689;12340;53496;-1,900000000000000;-1,900000000000000;-1,900000000000000;0,000000000000000;
1690;12341;53497;-67,400000000000006;-53,299999999999997;-90,500000000000000;16,469999999999999;
1691;12342;53499;-79,920000000000002;-38,000000000000000;-144,300000000000011;39,299999999999997;
1692;12343;53500;-8,750000000000000;-7,700000000000000;-9,800000000000001;1,050000000000000;
1693;12344;53501;-80,750000000000000;-19,000000000000000;-179,500000000000000;60,299999999999997;
1694;12345;53503;-186,719999999999999;-5,600000000000000;-454,399999999999977;147,319999999999993;
1695;12346;53504;-158,229999999999990;-23,399999999999999;-356,500000000000000;117,359999999999999;
1696;12347;53505;-59,759999999999998;-15,199999999999999;-114,799999999999997;35,460000000000001;
1697;12348;53506;-83,439999999999998;-2,700000000000000;-239,099999999999994;71,719999999999999;
1698;12349;53507;-144,139999999999986;-51,600000000000001;-176,900000000000006;35,149999999999999;
1699;12350;53508;-203,729999999999990;-180,199999999999989;-250,699999999999989;28,699999999999999;
1700;12351;53509;-198,879999999999995;-30,699999999999999;-362,699999999999989;141,590000000000003;
1701;12352;53510;-502,149999999999977;-406,399999999999977;-597,899999999999977;95,750000000000000;
1702;12353;53511;-161,889999999999986;-24,199999999999999;-596,899999999999977;166,490000000000009;
1703;12354;53512;-230,310000000000002;-46,500000000000000;-565,399999999999977;208,020000000000010;
1704;12355;53513;-385,199999999999989;-235,199999999999989;-535,200000000000045;150,000000000000000;
1705;12356;53514;-188,930000000000007;-25,699999999999999;-512,600000000000023;141,120000000000005;
1706;12357;53515;-126,459999999999994;-38,500000000000000;-235,699999999999989;71,370000000000005;1749,9882812
1707;12358;53516;-583,009999999999991;-65,799999999999997;-995,899999999999977;318,629999999999995;1633,2062988
1708;12359;53517;-244,409999999999997;-50,000000000000000;-999,899999999999977;262,220000000000027;1554,7365723
1709;12360;53518;-91,090000000000003;-41,600000000000001;-196,400000000000006;46,789999999999999;1373,0784912
1710;12361;53524;-334,529999999999973;-186,099999999999994;-543,000000000000000;136,120000000000005;
1711;12362;53525;-66,049999999999997;-51,200000000000003;-85,599999999999994;13,050000000000001;
1712;12363;53526;-207,409999999999997;-21,500000000000000;-694,700000000000045;215,879999999999995;
1713;12364;53527;-31,649999999999999;-13,699999999999999;-49,600000000000001;17,949999999999999;
1714;12365;53528;-483,750000000000000;-69,200000000000003;-708,299999999999955;245,280000000000001;
1715;12366;53529;-179,430000000000007;-1,900000000000000;-496,100000000000023;192,800000000000011;
1716;12367;53530;-88,939999999999998;0,300000000000000;-353,800000000000011;114,579999999999998;
1717;12368;53531;-83,230000000000004;-49,200000000000003;-107,200000000000003;19,260000000000002;
1718;12369;53532;-134,930000000000007;-27,300000000000001;-444,699999999999989;117,859999999999999;
1719;12370;53533;-121,299999999999997;-1,800000000000000;-340,399999999999977;119,590000000000003;
1720;12371;53534;-159,110000000000014;-13,199999999999999;-488,699999999999989;144,860000000000014;
1721;12372;53535;-58,000000000000000;-12,400000000000000;-113,500000000000000;36,750000000000000;
1722;12373;53537;-48,869999999999997;-5,000000000000000;-116,599999999999994;35,020000000000003;
1723;12374;53538;-147,080000000000013;-67,799999999999997;-222,000000000000000;60,990000000000002;
1724;12375;53539;-39,240000000000002;-3,800000000000000;-111,599999999999994;38,390000000000001;
1725;12376;53540;-82,000000000000000;0,200000000000000;-191,199999999999989;66,620000000000005;
1726;12377;53541;-89,950000000000003;-65,200000000000003;-119,299999999999997;23,090000000000000;
1727;12378;53542;-59,899999999999999;-23,899999999999999;-108,099999999999994;32,880000000000003;
1728;12379;53543;-60,930000000000000;-14,300000000000001;-137,000000000000000;43,409999999999997;
1729;12380;53544;-72,840000000000003;-42,200000000000003;-118,000000000000000;25,789999999999999;
1730;12381;53545;-52,729999999999997;-5,500000000000000;-127,299999999999997;39,020000000000003;
1731;12382;53546;-162,389999999999986;-14,199999999999999;-423,300000000000011;160,389999999999986;
1732;12383;53553;-14,330000000000000;3,700000000000000;-35,299999999999997;16,059999999999999;
1733;12384;53555;-20,270000000000000;-8,300000000000001;-49,600000000000001;12,690000000000000;
1734;12385;53633;-10,250000000000000;-8,600000000000000;-11,900000000000000;1,650000000000000;
1735;12386;53635;-14,830000000000000;-2,800000000000000;-22,500000000000000;8,609999999999999;
1736;12387;53637;-2,250000000000000;0,600000000000000;-5,100000000000000;2,850000000000000;
1737;12388;53639;-3,700000000000000;-3,700000000000000;-3,700000000000000;0,000000000000000;
1738;12389;53652;-72,129999999999995;-12,199999999999999;-157,699999999999989;52,200000000000003;
1739;12390;53655;-51,299999999999997;-7,800000000000000;-87,799999999999997;21,530000000000001;1234,1094971
1740;12391;53662;-106,099999999999994;-22,300000000000001;-187,000000000000000;63,469999999999999;
1741;12392;53672;-47,340000000000003;-31,100000000000001;-65,900000000000006;14,390000000000001;
1742;12393;53724;-73,150000000000006;-28,199999999999999;-146,800000000000011;34,130000000000003;
1743;12394;53725;-63,829999999999998;-33,100000000000001;-124,799999999999997;43,109999999999999;
1744;12395;53733;-47,659999999999997;-44,700000000000003;-53,399999999999999;3,020000000000000;
1745;12396;53734;-37,579999999999998;-4,600000000000000;-93,799999999999997;30,390000000000001;
1746;12397;53737;-29,210000000000001;40,600000000000001;-117,099999999999994;52,049999999999997;
1747;12398;53785;13,000000000000000;13,000000000000000;13,000000000000000;0,000000000000000;
1748;12399;53848;-27,390000000000001;2,800000000000000;-90,400000000000006;24,690000000000001;1577,9219971
1749;12400;53858;-54,579999999999998;-40,799999999999997;-84,900000000000006;17,649999999999999;
1750;12401;53881;-41,479999999999997;-11,800000000000001;-53,899999999999999;17,239999999999998;
1751;12402;53920;-26,129999999999999;-2,000000000000000;-96,599999999999994;34,149999999999999;
1752;12403;53924;-66,709999999999994;-30,699999999999999;-98,200000000000003;27,199999999999999;
1753;12404;53925;-137,590000000000003;-4,800000000000000;-536,700000000000045;176,599999999999994;1326,7600098
1754;12405;53926;-45,770000000000003;-15,000000000000000;-60,299999999999997;16,480000000000000;1512,4541016
1755;12406;53927;-52,490000000000002;-9,600000000000000;-85,099999999999994;22,710000000000001;1431,5830078
1756;12407;53928;-136,120000000000005;-39,100000000000001;-221,099999999999994;56,109999999999999;1278,8200684
1757;12408;53929;-39,450000000000003;-1,000000000000000;-66,700000000000003;20,940000000000001;1289,7612305
1758;12409;53930;-30,600000000000001;-4,600000000000000;-80,799999999999997;27,359999999999999;1459,0909424
1759;12410;53933;-18,629999999999999;-5,600000000000000;-39,600000000000001;13,100000000000000;
1760;12411;53934;-51,549999999999997;-28,000000000000000;-72,799999999999997;17,579999999999998;
1761;12412;53935;-23,090000000000000;-7,900000000000000;-52,500000000000000;14,199999999999999;
1762;12413;53936;-37,240000000000002;-22,300000000000001;-94,099999999999994;22,079999999999998;
1763;12414;53938;-56,380000000000003;-39,500000000000000;-88,000000000000000;17,320000000000000;
1764;12415;53939;-46,039999999999999;0,200000000000000;-138,699999999999989;36,990000000000002;
1765;12416;53945;-43,899999999999999;-3,600000000000000;-71,200000000000003;25,390000000000001;
1766;12417;53946;-33,170000000000002;-5,000000000000000;-86,000000000000000;24,739999999999998;
1767;12418;53947;-53,880000000000003;-45,799999999999997;-80,099999999999994;13,140000000000001;
1768;12419;53948;-54,000000000000000;-9,500000000000000;-105,200000000000003;33,299999999999997;
1769;12420;53949;-50,710000000000001;-24,899999999999999;-74,599999999999994;15,449999999999999;
1770;12421;53953;-23,770000000000000;-7,200000000000000;-39,700000000000003;12,490000000000000;
1771;12422;53956;-40,020000000000003;-6,000000000000000;-101,900000000000006;35,030000000000001;
1772;12423;53958;-75,310000000000002;-42,700000000000003;-101,900000000000006;18,570000000000000;1241,0317383
1773;12424;53964;-99,840000000000003;-10,900000000000000;-325,100000000000023;89,489999999999995;
1774;12425;53965;-135,349999999999994;-14,100000000000000;-376,600000000000023;140,110000000000014;
1775;12426;53966;-67,489999999999995;-10,500000000000000;-405,199999999999989;113,280000000000001;1242,1225586
1776;12427;53968;-28,300000000000001;-9,199999999999999;-68,000000000000000;19,840000000000000;
1777;12428;53969;-80,700000000000003;-80,700000000000003;-80,700000000000003;0,000000000000000;
1778;12429;53986;-138,050000000000011;39,500000000000000;-665,700000000000045;233,979999999999990;
1779;12430;54020;-51,180000000000000;-35,299999999999997;-70,099999999999994;12,500000000000000;
1780;12431;54021;-66,620000000000005;-46,100000000000001;-129,199999999999989;22,520000000000000;
1781;12432;54022;-26,879999999999999;-3,500000000000000;-40,000000000000000;14,160000000000000;
1782;12433;54028;-22,510000000000002;-2,100000000000000;-63,100000000000001;17,590000000000000;
1783;12434;54031;-78,620000000000005;-37,799999999999997;-123,599999999999994;25,440000000000001;
1784;12435;54032;-61,750000000000000;-25,699999999999999;-80,700000000000003;21,370000000000001;
1785;12436;54033;-56,530000000000001;-44,100000000000001;-69,299999999999997;10,289999999999999;
1786;12437;54034;-7,400000000000000;0,300000000000000;-15,100000000000000;7,700000000000000;
1787;12438;54035;-47,399999999999999;1,900000000000000;-75,099999999999994;34,950000000000003;
1788;12439;54036;-29,750000000000000;-2,900000000000000;-68,700000000000003;24,289999999999999;
1789;12440;54037;-73,700000000000003;-57,500000000000000;-81,299999999999997;9,449999999999999;
1790;12441;54038;-90,769999999999996;-88,200000000000003;-94,700000000000003;2,820000000000000;
1791;12442;54039;-100,549999999999997;-75,799999999999997;-125,299999999999997;24,750000000000000;
1792;12443;54040;-55,280000000000001;-44,299999999999997;-72,099999999999994;10,400000000000000;
1793;12444;54045;3,500000000000000;10,600000000000000;-9,400000000000000;7,100000000000000;
1794;12445;54046;-56,590000000000003;-3,700000000000000;-140,199999999999989;42,810000000000002;
1795;12446;54047;-35,700000000000003;-14,100000000000000;-57,299999999999997;21,600000000000001;
1796;12447;54048;-11,770000000000000;-8,000000000000000;-18,600000000000001;4,840000000000000;
1797;12448;54049;-62,409999999999997;-3,900000000000000;-125,900000000000006;35,680000000000000;
1798;12449;54050;-45,000000000000000;-7,600000000000000;-64,400000000000006;20,309999999999999;
1799;12450;54051;-8,369999999999999;-0,100000000000000;-19,000000000000000;7,900000000000000;
1800;12451;54052;-67,930000000000007;-49,899999999999999;-83,400000000000006;12,410000000000000;
1801;12452;54053;-85,359999999999999;-48,700000000000003;-135,500000000000000;32,200000000000003;
1802;12453;54054;-36,270000000000003;-1,700000000000000;-101,599999999999994;34,399999999999999;
1803;12454;54055;-50,990000000000002;-14,800000000000001;-102,900000000000006;22,100000000000001;
1804;12455;54056;-100,680000000000007;-10,600000000000000;-263,300000000000011;76,299999999999997;
1805;12456;54057;-63,899999999999999;-42,500000000000000;-114,000000000000000;26,440000000000001;
1806;12457;54058;-128,180000000000007;-6,300000000000000;-314,000000000000000;133,879999999999995;
1807;12458;54059;-86,590000000000003;-11,000000000000000;-198,400000000000006;54,350000000000001;1505,6325684
1808;12459;54060;-111,280000000000001;-19,899999999999999;-241,400000000000006;92,799999999999997;1486,1761475
1809;12460;54061;-7,750000000000000;-5,500000000000000;-9,900000000000000;1,560000000000000;
1810;12461;54062;-72,810000000000002;-11,600000000000000;-277,300000000000011;78,879999999999995;
1811;12462;54063;-105,620000000000005;-53,500000000000000;-263,199999999999989;61,149999999999999;
1812;12463;54064;-141,330000000000013;-18,300000000000001;-340,699999999999989;136,460000000000008;
1813;12464;54065;-66,689999999999998;-1,000000000000000;-125,099999999999994;37,780000000000001;
1814;12465;54066;-96,890000000000001;-37,600000000000001;-250,099999999999994;73,180000000000007;
1815;12466;54067;-101,829999999999998;-1,100000000000000;-311,300000000000011;99,379999999999995;
1816;12467;54068;-127,150000000000006;-53,399999999999999;-358,500000000000000;96,569999999999993;
1817;12468;54069;-93,670000000000002;-4,300000000000000;-319,100000000000023;101,739999999999995;
1818;12469;54070;-6,420000000000000;-1,500000000000000;-15,900000000000000;4,940000000000000;
1819;12470;54074;-34,289999999999999;-9,400000000000000;-68,200000000000003;19,539999999999999;1249,8343506
1820;12471;54075;-107,500000000000000;-69,299999999999997;-168,300000000000011;30,430000000000000;1249,4565430
1821;12472;54076;-85,400000000000006;-35,200000000000003;-120,599999999999994;28,030000000000001;1249,2396240
1822;12473;54077;-209,759999999999991;-2,700000000000000;-736,600000000000023;220,969999999999999;1249,0744629
1823;12474;54078;-173,090000000000003;-10,000000000000000;-328,899999999999977;106,890000000000001;1249,0860596
1824;12475;54079;-114,200000000000003;-52,200000000000003;-339,800000000000011;79,400000000000006;
1825;12476;54080;-182,599999999999994;-29,800000000000001;-443,800000000000011;155,000000000000000;
1826;12477;54081;-109,680000000000007;-1,100000000000000;-293,699999999999989;75,819999999999993;
1827;12478;54082;-240,150000000000006;-55,399999999999999;-584,100000000000023;237,840000000000003;
1828;12479;54083;-123,859999999999999;-7,600000000000000;-253,699999999999989;96,930000000000007;
1829;12480;54084;-183,400000000000006;-18,199999999999999;-603,799999999999955;193,110000000000014;
1830;12481;54085;-92,870000000000005;-43,500000000000000;-138,000000000000000;30,000000000000000;
1831;12482;54086;-114,030000000000001;-2,900000000000000;-572,500000000000000;139,969999999999999;
1832;12483;54087;-218,699999999999989;-82,299999999999997;-539,299999999999955;156,340000000000003;
1833;12484;54088;-195,280000000000001;-36,700000000000003;-457,399999999999977;122,700000000000003;
1834;12485;54089;-181,020000000000010;-34,899999999999999;-529,200000000000045;171,430000000000007;
1835;12486;54090;-112,930000000000007;-47,299999999999997;-188,500000000000000;41,609999999999999;
1836;12487;54091;-122,189999999999998;-35,600000000000001;-248,400000000000006;78,459999999999994;
1837;12488;54092;-67,969999999999999;-21,899999999999999;-123,900000000000006;31,149999999999999;
1838;12489;54093;-225,419999999999987;-21,800000000000001;-516,600000000000023;151,599999999999994;
1839;12490;54094;-102,170000000000002;-9,000000000000000;-173,599999999999994;64,879999999999995;
1840;12491;54095;-125,400000000000006;-54,500000000000000;-251,699999999999989;78,829999999999998;
1841;12492;54096;-153,919999999999987;-72,700000000000003;-202,599999999999994;43,219999999999999;
1842;12493;54097;-149,310000000000002;-6,300000000000000;-556,700000000000045;149,250000000000000;
1843;12494;54098;-65,590000000000003;-49,399999999999999;-104,200000000000003;19,120000000000001;
1844;12495;54099;-66,739999999999995;-1,600000000000000;-172,300000000000011;57,020000000000003;
1845;12496;54100;-165,189999999999998;-6,600000000000000;-360,300000000000011;121,780000000000001;
1846;12497;54101;-115,219999999999999;-9,800000000000001;-257,100000000000023;86,980000000000004;
1847;12498;54102;-137,500000000000000;-17,300000000000001;-370,699999999999989;92,310000000000002;
1848;12499;54103;-247,460000000000008;-73,900000000000006;-797,399999999999977;196,819999999999993;
1849;12500;54104;-147,050000000000011;-4,700000000000000;-360,500000000000000;93,900000000000006;
1850;12501;54105;-244,250000000000000;-62,200000000000003;-797,700000000000045;194,219999999999999;2468,7849121
1851;12502;54106;-164,150000000000006;-25,699999999999999;-381,100000000000023;95,239999999999995;1854,9005127
1852;12503;54107;-545,580000000000041;-241,599999999999994;-646,899999999999977;175,500000000000000;1561,4641113
1853;12504;54108;-134,990000000000009;-27,000000000000000;-409,899999999999977;94,180000000000007;2053,5390625
1854;12505;54109;-167,210000000000008;-3,300000000000000;-419,699999999999989;117,489999999999995;2000,1860352
1855;12506;54110;-331,740000000000009;-21,100000000000001;-964,399999999999977;315,860000000000014;1881,2755127
1856;12507;54111;-203,560000000000002;-21,800000000000001;-617,899999999999977;222,439999999999998;
1857;12508;54112;-134,789999999999992;-11,400000000000000;-210,900000000000006;56,049999999999997;
1858;12509;54113;-268,329999999999984;-9,600000000000000;-850,200000000000045;300,680000000000007;
1859;12510;54114;-86,510000000000005;-23,500000000000000;-192,500000000000000;45,670000000000002;
1860;12511;54115;-154,129999999999995;-65,400000000000006;-261,300000000000011;67,530000000000001;
1861;12512;54116;-106,239999999999995;-33,600000000000001;-195,099999999999994;55,460000000000001;
1862;12513;54117;-63,479999999999997;-34,600000000000001;-94,299999999999997;19,210000000000001;
1863;12514;54118;-158,990000000000009;-1,900000000000000;-376,000000000000000;121,819999999999993;
1864;12515;54119;-60,840000000000003;-9,800000000000001;-95,799999999999997;27,550000000000001;
1865;12516;54120;-98,180000000000007;-10,699999999999999;-327,899999999999977;85,829999999999998;
1866;12517;54121;-87,530000000000001;-17,899999999999999;-158,099999999999994;67,579999999999998;
1867;12518;54127;-119,189999999999998;-54,299999999999997;-285,600000000000023;80,280000000000001;
1868;12519;54128;-85,129999999999995;-4,700000000000000;-275,300000000000011;64,769999999999996;
1869;12520;54129;-214,900000000000006;-0,800000000000000;-537,200000000000045;174,580000000000013;
1870;12521;54130;-109,180000000000007;-33,100000000000001;-243,099999999999994;61,320000000000000;
1871;12522;54131;-162,139999999999986;-18,199999999999999;-590,899999999999977;179,039999999999992;
1872;12523;54132;-116,939999999999998;-11,500000000000000;-266,000000000000000;73,799999999999997;
1873;12524;54134;-95,590000000000003;-8,199999999999999;-213,900000000000006;83,400000000000006;
1874;12525;54135;-36,000000000000000;-33,299999999999997;-38,700000000000003;2,700000000000000;
1875;12526;54147;-103,230000000000004;-20,699999999999999;-150,599999999999994;58,570000000000000;
1876;12527;54148;-71,150000000000006;-65,700000000000003;-76,599999999999994;5,450000000000000;
1877;12528;54149;-49,780000000000001;-28,600000000000001;-61,000000000000000;12,810000000000000;
1878;12529;54150;-325,079999999999984;-14,100000000000000;-459,500000000000000;144,650000000000006;
1879;12530;54151;-164,800000000000011;-18,600000000000001;-311,000000000000000;146,199999999999989;
1880;12531;54152;-117,519999999999996;-6,400000000000000;-296,000000000000000;101,609999999999999;
1881;12532;54153;-231,770000000000010;-127,700000000000003;-426,500000000000000;97,219999999999999;
1882;12533;54154;-248,949999999999989;-130,599999999999994;-360,699999999999989;89,840000000000003;
1883;12534;54155;-181,710000000000008;-59,700000000000003;-507,800000000000011;163,879999999999995;
1884;12535;54156;-91,969999999999999;-56,899999999999999;-136,800000000000011;29,699999999999999;
1885;12536;54157;-99,150000000000006;-59,000000000000000;-157,300000000000011;34,750000000000000;
1886;12537;54158;-72,340000000000003;-36,600000000000001;-107,200000000000003;25,030000000000001;
1887;12538;54160;-80,230000000000004;-27,699999999999999;-115,900000000000006;34,070000000000000;
1888;12539;54161;-141,939999999999998;-55,299999999999997;-377,199999999999989;102,599999999999994;
1889;12540;54162;-94,680000000000007;-33,700000000000003;-121,500000000000000;28,969999999999999;
1890;12541;54163;-73,099999999999994;-22,899999999999999;-140,599999999999994;49,579999999999998;
1891;12542;54164;-61,250000000000000;-25,100000000000001;-197,199999999999989;61,229999999999997;2280,9655762
1892;12543;54165;-65,310000000000002;-33,399999999999999;-140,300000000000011;31,920000000000002;
1893;12544;54166;-54,770000000000003;-18,699999999999999;-80,299999999999997;17,449999999999999;
1894;12545;54167;-66,670000000000002;-14,400000000000000;-186,099999999999994;55,469999999999999;
1895;12546;54168;-93,890000000000001;-27,899999999999999;-233,099999999999994;65,310000000000002;
1896;12547;54169;-89,859999999999999;-4,700000000000000;-463,600000000000023;138,710000000000008;
1897;12548;54171;-83,219999999999999;-5,900000000000000;-228,000000000000000;72,359999999999999;
1898;12549;54172;-187,080000000000013;-47,500000000000000;-269,000000000000000;79,209999999999994;1385,4591064
1899;12550;54173;-123,659999999999997;0,200000000000000;-638,299999999999955;160,539999999999992;1336,7310791
1900;12551;54174;-86,170000000000002;-25,199999999999999;-237,800000000000011;73,769999999999996;
1901;12552;54175;-222,930000000000007;-48,100000000000001;-370,000000000000000;117,700000000000003;
1902;12553;54176;-7,500000000000000;-4,800000000000000;-10,199999999999999;2,700000000000000;2153,8332520
1903;12554;54177;-7,700000000000000;-2,600000000000000;-11,500000000000000;3,750000000000000;1973,4571533
1904;12555;54178;-52,939999999999998;-9,900000000000000;-91,400000000000006;27,750000000000000;2288,9401855
1905;12556;54179;-63,729999999999997;-11,900000000000000;-142,599999999999994;34,700000000000003;
1906;12557;54180;-240,780000000000001;-131,300000000000011;-357,899999999999977;71,239999999999995;
1907;12558;54183;-159,909999999999997;-2,100000000000000;-418,000000000000000;158,379999999999995;
1908;12559;54185;-127,290000000000006;-1,900000000000000;-316,699999999999989;96,950000000000003;
1909;12560;54186;-38,109999999999999;6,500000000000000;-65,299999999999997;23,020000000000000;
1910;12561;54187;-114,120000000000005;6,200000000000000;-363,300000000000011;132,729999999999990;
1911;12562;54188;-50,189999999999998;3,700000000000000;-158,199999999999989;54,299999999999997;
1912;12563;54189;-19,449999999999999;-4,300000000000000;-38,600000000000001;12,740000000000000;
1913;12564;54190;-106,849999999999994;-6,300000000000000;-262,800000000000011;95,030000000000001;
1914;12565;54191;-251,930000000000007;-201,900000000000006;-461,500000000000000;86,579999999999998;
1915;12566;54192;-79,150000000000006;-18,300000000000001;-146,900000000000006;37,170000000000002;
1916;12567;54193;-221,620000000000005;-6,700000000000000;-358,899999999999977;108,480000000000004;
1917;12568;54194;-135,819999999999993;-49,799999999999997;-234,199999999999989;63,310000000000002;
1918;12569;54195;-129,180000000000007;-30,399999999999999;-227,199999999999989;62,719999999999999;
1919;12570;54197;-150,639999999999986;-45,899999999999999;-337,600000000000023;75,359999999999999;
1920;12571;54198;-97,980000000000004;-6,500000000000000;-367,500000000000000;92,310000000000002;
1921;12572;54200;-5,100000000000000;-5,100000000000000;-5,100000000000000;0,000000000000000;
1922;12573;54201;-45,070000000000000;-20,399999999999999;-87,099999999999994;24,280000000000001;
1923;12574;54203;-178,729999999999990;-67,200000000000003;-330,500000000000000;93,560000000000002;
1924;12575;54204;-104,920000000000002;-24,600000000000001;-205,199999999999989;49,700000000000003;
1925;12576;54205;-214,740000000000009;-36,600000000000001;-371,600000000000023;124,790000000000006;
1926;12577;54206;-191,379999999999995;-5,400000000000000;-408,000000000000000;118,310000000000002;
1927;12578;54207;-75,840000000000003;-23,100000000000001;-106,799999999999997;25,870000000000001;
1928;12579;54208;-81,090000000000003;-0,200000000000000;-355,300000000000011;113,870000000000005;
1929;12580;54209;-93,760000000000005;-37,600000000000001;-143,400000000000006;32,700000000000003;
1930;12581;54210;-195,530000000000001;-5,200000000000000;-552,399999999999977;177,270000000000010;
1931;12582;54211;-108,329999999999998;-86,599999999999994;-120,200000000000003;13,330000000000000;
1932;12583;54212;-94,939999999999998;2,100000000000000;-304,699999999999989;91,530000000000001;
1933;12584;54213;-89,010000000000005;0,200000000000000;-219,099999999999994;71,370000000000005;
1934;12585;54214;-59,329999999999998;-13,100000000000000;-92,099999999999994;27,760000000000002;
1935;12586;54215;-20,230000000000000;-7,400000000000000;-63,399999999999999;19,739999999999998;
1936;12587;54216;-32,969999999999999;0,100000000000000;-91,799999999999997;32,500000000000000;
1937;12588;54217;-56,250000000000000;-33,899999999999999;-78,599999999999994;22,350000000000001;
1938;12589;54218;-31,879999999999999;-4,200000000000000;-63,600000000000001;21,120000000000001;
1939;12590;54220;-41,259999999999998;-3,300000000000000;-119,299999999999997;37,079999999999998;
1940;12591;54221;-293,750000000000000;-230,300000000000011;-357,199999999999989;63,450000000000003;
1941;12592;54222;-91,840000000000003;-14,600000000000000;-443,899999999999977;104,120000000000005;1217,2760010
1942;12593;54223;-221,919999999999987;-116,900000000000006;-593,000000000000000;139,000000000000000;
1943;12594;54224;-198,639999999999986;-53,100000000000001;-332,199999999999989;118,120000000000005;
1944;12595;54225;-91,069999999999993;-2,600000000000000;-221,000000000000000;56,549999999999997;
1945;12596;54226;-119,739999999999995;-2,900000000000000;-355,199999999999989;133,900000000000006;
1946;12597;54227;-141,960000000000008;-47,299999999999997;-269,899999999999977;67,319999999999993;
1947;12598;54228;-88,519999999999996;-11,800000000000001;-283,699999999999989;95,989999999999995;
1948;12599;54231;-126,709999999999994;-7,500000000000000;-1003,899999999999977;277,810000000000002;
1949;12600;54232;-67,739999999999995;2,000000000000000;-169,000000000000000;53,759999999999998;
1950;12601;54233;-295,209999999999980;-76,299999999999997;-1402,400000000000091;452,350000000000023;
1951;12602;54235;-56,479999999999997;0,400000000000000;-225,500000000000000;81,519999999999996;
1952;12603;54237;-396,329999999999984;-153,400000000000006;-869,500000000000000;334,620000000000005;
1953;12604;54238;-99,590000000000003;-9,199999999999999;-241,300000000000011;80,890000000000001;936,5272827
1954;12605;54239;-66,730000000000004;-7,100000000000000;-174,800000000000011;62,170000000000002;900,0130005
1955;12606;54240;-38,960000000000001;-4,800000000000000;-76,599999999999994;22,710000000000001;
1956;12607;54241;-27,020000000000000;-1,200000000000000;-46,100000000000001;17,059999999999999;
1957;12608;54242;-152,629999999999995;-29,699999999999999;-513,200000000000045;188,000000000000000;
1958;12609;54243;-31,190000000000001;-6,000000000000000;-65,599999999999994;17,820000000000000;
1959;12610;54244;-36,899999999999999;4,400000000000000;-58,200000000000003;22,320000000000000;
1960;12611;54245;-127,459999999999994;-37,000000000000000;-355,600000000000023;122,450000000000003;811,4034424
1961;12612;54246;-487,329999999999984;-6,200000000000000;-895,000000000000000;380,500000000000000;833,4008179
1962;12613;54247;-50,840000000000003;-9,500000000000000;-114,299999999999997;41,060000000000002;
1963;12614;54248;-59,070000000000000;4,300000000000000;-204,300000000000011;76,230000000000004;847,6759033
1964;12615;54249;-121,480000000000004;-1,300000000000000;-612,600000000000023;169,469999999999999;1015,6124878
1965;12616;54250;-57,689999999999998;-7,700000000000000;-112,400000000000006;36,640000000000001;
1966;12617;54252;-160,099999999999994;-159,000000000000000;-161,199999999999989;1,100000000000000;
1967;12618;54253;-89,069999999999993;-4,400000000000000;-324,399999999999977;124,579999999999998;
1968;12619;54255;-58,770000000000003;-38,200000000000003;-69,500000000000000;14,480000000000000;
1969;12620;54257;-38,799999999999997;-12,500000000000000;-64,500000000000000;21,230000000000000;
1970;12621;54259;-57,560000000000002;3,600000000000000;-196,300000000000011;79,290000000000006;
1971;12622;54261;-114,349999999999994;-4,000000000000000;-415,800000000000011;121,319999999999993;
1972;12623;54262;-102,599999999999994;-7,100000000000000;-352,699999999999989;89,959999999999994;
1973;12624;54264;-41,340000000000003;-3,000000000000000;-96,799999999999997;27,500000000000000;
1974;12625;54265;-51,549999999999997;-25,500000000000000;-107,299999999999997;32,729999999999997;
1975;12626;54266;-107,629999999999995;0,000000000000000;-379,500000000000000;135,090000000000003;
1976;12627;54267;-181,780000000000001;-120,900000000000006;-248,699999999999989;54,680000000000000;
1977;12628;54270;-61,000000000000000;-1,300000000000000;-217,900000000000006;80,430000000000007;
1978;12629;54271;-2,720000000000000;2,000000000000000;-5,400000000000000;3,020000000000000;
1979;12630;54273;-36,710000000000001;2,900000000000000;-194,300000000000011;49,479999999999997;
1980;12631;54277;-53,780000000000001;2,600000000000000;-251,800000000000011;81,530000000000001;
1981;12632;54279;-79,519999999999996;-12,300000000000001;-228,400000000000006;73,400000000000006;
1982;12633;54280;-58,780000000000001;2,400000000000000;-216,500000000000000;62,659999999999997;
1983;12634;54281;-159,409999999999997;4,200000000000000;-500,500000000000000;211,639999999999986;
1984;12635;54282;-17,480000000000000;0,600000000000000;-31,100000000000001;10,369999999999999;
1985;12636;54284;-120,969999999999999;-48,200000000000003;-172,800000000000011;41,430000000000000;
1986;12637;54287;-249,979999999999990;-3,300000000000000;-926,399999999999977;261,060000000000002;
1987;12638;54288;-13,619999999999999;-1,700000000000000;-34,700000000000003;11,789999999999999;1194,0151367
1988;12639;54289;-105,530000000000001;-23,100000000000001;-257,500000000000000;54,359999999999999;1192,9844971
1989;12640;54290;-8,100000000000000;-7,300000000000000;-8,900000000000000;0,800000000000000;
1990;12641;54291;-47,960000000000001;-5,600000000000000;-127,599999999999994;36,000000000000000;
1991;12642;54292;-79,950000000000003;-25,600000000000001;-156,199999999999989;47,460000000000001;
1992;12643;54293;-54,729999999999997;-23,500000000000000;-62,799999999999997;12,109999999999999;
1993;12644;54295;-48,750000000000000;-12,199999999999999;-129,900000000000006;33,320000000000000;
1994;12645;54296;-527,700000000000045;-78,799999999999997;-989,899999999999977;367,620000000000005;1188,0700684
1995;12646;54297;-31,539999999999999;-12,800000000000001;-68,000000000000000;17,469999999999999;1187,2989502
1996;12647;54300;-44,000000000000000;-43,600000000000001;-44,399999999999999;0,400000000000000;1187,0971680
1997;12648;54301;-63,159999999999997;-45,700000000000003;-83,200000000000003;14,880000000000001;
1998;12649;54302;-50,960000000000001;-0,400000000000000;-116,200000000000003;33,939999999999998;
1999;12650;54303;-215,430000000000007;-53,399999999999999;-378,600000000000023;112,540000000000006;
2000;12651;54304;-103,579999999999998;-8,800000000000001;-214,500000000000000;64,799999999999997;
2001;12652;54305;-130,020000000000010;-22,399999999999999;-466,199999999999989;129,629999999999995;
2002;12653;54306;-157,990000000000009;-45,299999999999997;-253,199999999999989;78,920000000000002;
2003;12654;54307;-305,720000000000027;-9,699999999999999;-836,299999999999955;231,650000000000006;
2004;12655;54308;-154,860000000000014;-23,000000000000000;-269,100000000000023;82,920000000000002;
2005;12656;54309;-195,539999999999992;-15,800000000000001;-613,899999999999977;221,520000000000010;
2006;12657;54310;-52,619999999999997;-2,000000000000000;-131,099999999999994;36,899999999999999;
2007;12658;54311;-87,280000000000001;-14,400000000000000;-165,900000000000006;44,930000000000000;
2008;12659;54312;-181,419999999999987;1,100000000000000;-695,200000000000045;271,079999999999984;
2009;12660;54313;-86,879999999999995;-10,000000000000000;-201,800000000000011;55,680000000000000;
2010;12661;54314;-100,890000000000001;-57,200000000000003;-217,500000000000000;41,539999999999999;
2011;12662;54315;-70,390000000000001;-1,300000000000000;-122,500000000000000;39,930000000000000;
2012;12663;54316;-80,159999999999997;-21,600000000000001;-165,400000000000006;50,729999999999997;
2013;12664;54317;-80,709999999999994;-19,600000000000001;-234,300000000000011;63,530000000000001;
2014;12665;54318;-89,609999999999999;-49,100000000000001;-205,599999999999994;41,960000000000001;
2015;12666;54319;-105,180000000000007;-44,600000000000001;-232,699999999999989;51,219999999999999;
2016;12667;54324;-26,579999999999998;5,700000000000000;-45,399999999999999;19,539999999999999;
2017;12668;54326;-106,010000000000005;1,600000000000000;-501,699999999999989;157,509999999999991;
2018;12669;54327;-115,540000000000006;-27,800000000000001;-294,699999999999989;91,640000000000001;
2019;12670;54328;-62,030000000000001;-33,899999999999999;-95,299999999999997;24,379999999999999;
2020;12671;54329;-55,289999999999999;-3,600000000000000;-121,900000000000006;33,990000000000002;
2021;12672;54330;-31,800000000000001;-6,300000000000000;-62,299999999999997;20,230000000000000;
2022;12673;54331;-78,310000000000002;-50,000000000000000;-232,800000000000011;47,880000000000003;
2023;12674;54332;-83,019999999999996;-1,800000000000000;-337,500000000000000;85,549999999999997;
2024;12675;54333;-83,430000000000007;-2,100000000000000;-256,399999999999977;59,460000000000001;
2025;12676;54334;-137,930000000000007;-57,899999999999999;-302,500000000000000;89,900000000000006;
2026;12677;54335;-52,560000000000002;-9,900000000000000;-133,199999999999989;33,109999999999999;
2027;12678;54336;-110,219999999999999;-13,500000000000000;-285,800000000000011;71,849999999999994;
2028;12679;54337;-85,680000000000007;-51,700000000000003;-158,800000000000011;34,640000000000001;
2029;12680;54338;-74,310000000000002;-5,100000000000000;-149,699999999999989;49,009999999999998;
2030;12681;54339;-127,060000000000002;-14,699999999999999;-281,699999999999989;76,939999999999998;
2031;12682;54340;-102,609999999999999;-9,199999999999999;-244,199999999999989;90,629999999999995;
2032;12683;54341;-115,120000000000005;-1,200000000000000;-276,399999999999977;85,319999999999993;
2033;12684;54342;-47,399999999999999;-13,400000000000000;-115,599999999999994;35,729999999999997;
2034;12685;54343;-47,159999999999997;-11,400000000000000;-61,100000000000001;12,609999999999999;
2035;12686;54344;-44,149999999999999;-11,600000000000000;-95,799999999999997;24,620000000000001;
2036;12687;54345;-24,140000000000001;-0,200000000000000;-46,000000000000000;17,930000000000000;
2037;12688;54346;-50,799999999999997;-27,000000000000000;-78,599999999999994;21,969999999999999;
2038;12689;54347;-46,310000000000002;-4,000000000000000;-82,599999999999994;21,329999999999998;
2039;12690;54348;-104,269999999999996;-54,000000000000000;-191,900000000000006;46,250000000000000;
2040;12691;54349;-115,489999999999995;-35,700000000000003;-250,000000000000000;79,560000000000002;
2041;12692;54350;-189,819999999999993;-22,399999999999999;-360,300000000000011;130,189999999999998;
2042;12693;54351;-85,260000000000005;3,800000000000000;-250,199999999999989;87,420000000000002;
2043;12694;54352;-178,810000000000002;-37,700000000000003;-585,299999999999955;176,849999999999994;
2044;12695;54353;-113,680000000000007;-21,399999999999999;-233,300000000000011;62,590000000000003;
2045;12696;54354;-136,400000000000006;-59,799999999999997;-295,399999999999977;90,140000000000001;
2046;12697;54355;-38,630000000000003;4,400000000000000;-74,700000000000003;32,189999999999998;
2047;12698;54356;-84,469999999999999;-10,500000000000000;-402,899999999999977;87,250000000000000;
2048;12699;54357;-33,100000000000001;-15,699999999999999;-49,700000000000003;14,600000000000000;
2049;12700;54358;-41,700000000000003;-14,699999999999999;-48,899999999999999;11,460000000000001;
2050;12701;54359;-64,500000000000000;-63,399999999999999;-66,400000000000006;1,140000000000000;
2051;12702;54360;-59,829999999999998;2,800000000000000;-130,000000000000000;38,420000000000002;
2052;12703;54361;-235,280000000000001;-96,400000000000006;-405,899999999999977;122,129999999999995;
2053;12704;54364;-20,260000000000002;6,000000000000000;-43,000000000000000;15,330000000000000;
2054;12705;54372;-83,840000000000003;-15,699999999999999;-508,100000000000023;127,290000000000006;
2055;12706;54373;-1,250000000000000;11,000000000000000;-14,900000000000000;10,529999999999999;
2056;12707;54375;-80,189999999999998;-0,500000000000000;-178,400000000000006;55,570000000000000;
2057;12708;54378;-25,469999999999999;-6,300000000000000;-38,299999999999997;13,810000000000000;
2058;12709;54384;-18,989999999999998;-6,200000000000000;-37,000000000000000;9,400000000000000;1168,6199951
2059;12710;54388;-20,129999999999999;-9,500000000000000;-36,700000000000003;11,020000000000000;1166,8164062
2060;12711;54389;-72,879999999999995;-18,500000000000000;-204,400000000000006;68,319999999999993;
2061;12712;54392;-58,340000000000003;-2,700000000000000;-101,500000000000000;39,920000000000002;
2062;12713;54393;-66,260000000000005;0,500000000000000;-181,000000000000000;64,049999999999997;1162,6782227
2063;12714;54394;-43,530000000000001;-11,100000000000000;-97,200000000000003;31,430000000000000;1162,1082764
2064;12715;54395;-83,689999999999998;-21,899999999999999;-226,800000000000011;64,120000000000005;1160,1982422
2065;12716;54404;-39,829999999999998;-29,399999999999999;-50,100000000000001;8,449999999999999;
2066;12717;54405;-3,570000000000000;4,900000000000000;-8,699999999999999;5,130000000000000;
2067;12718;54410;-34,270000000000003;2,000000000000000;-62,399999999999999;26,910000000000000;
2068;12719;54413;-38,700000000000003;-6,300000000000000;-115,500000000000000;39,869999999999997;
2069;12720;54414;-90,769999999999996;1,100000000000000;-225,000000000000000;87,150000000000006;
2070;12721;54415;-5,900000000000000;-1,400000000000000;-10,100000000000000;3,760000000000000;
2071;12722;54420;-20,250000000000000;-1,400000000000000;-37,500000000000000;13,380000000000001;
2072;12723;54421;-83,799999999999997;-11,000000000000000;-120,200000000000003;51,479999999999997;
2073;12724;54422;-111,359999999999999;-60,299999999999997;-253,300000000000011;72,260000000000005;
2074;12725;54429;-48,950000000000003;-32,700000000000003;-65,200000000000003;16,250000000000000;
2075;12726;54430;-35,659999999999997;-8,699999999999999;-55,700000000000003;17,980000000000000;
2076;12727;54434;-299,250000000000000;-285,199999999999989;-313,300000000000011;14,050000000000001;
2077;12728;54436;-225,490000000000009;-17,500000000000000;-584,399999999999977;214,110000000000014;
2078;12729;54440;-23,260000000000002;5,100000000000000;-86,299999999999997;28,140000000000001;
2079;12730;54442;7,100000000000000;7,200000000000000;7,000000000000000;0,080000000000000;1134,3377686
2080;12731;54443;-50,649999999999999;-8,100000000000000;-159,800000000000011;45,570000000000000;1134,3525391
2081;12732;54445;-12,539999999999999;-4,100000000000000;-21,800000000000001;6,260000000000000;
2082;12733;54453;-28,280000000000001;-3,600000000000000;-78,799999999999997;25,199999999999999;
2083;12734;54454;-28,090000000000000;-2,400000000000000;-60,899999999999999;20,489999999999998;
2084;12735;54455;-42,939999999999998;-1,400000000000000;-117,000000000000000;27,710000000000001;
2085;12736;54457;-64,810000000000002;-8,000000000000000;-87,099999999999994;26,649999999999999;
2086;12737;54459;-27,890000000000001;-10,100000000000000;-65,900000000000006;19,440000000000001;
2087;12738;54460;-62,049999999999997;-5,100000000000000;-163,699999999999989;56,740000000000002;
2088;12739;54461;-102,719999999999999;-7,500000000000000;-275,600000000000023;115,180000000000007;
2089;12740;54462;-68,400000000000006;-17,699999999999999;-157,800000000000011;55,909999999999997;
2090;12741;54463;-62,310000000000002;-5,800000000000000;-170,300000000000011;55,590000000000003;
2091;12742;54464;-79,719999999999999;-2,900000000000000;-224,300000000000011;90,650000000000006;
2092;12743;54465;-66,519999999999996;-17,300000000000001;-122,000000000000000;35,149999999999999;
2093;12744;54466;-82,469999999999999;-2,600000000000000;-215,099999999999994;94,439999999999998;
2094;12745;54467;-17,620000000000001;-15,400000000000000;-22,399999999999999;3,130000000000000;
2095;12746;54468;-114,840000000000003;-27,000000000000000;-377,899999999999977;128,870000000000005;
2096;12747;54469;-48,640000000000001;6,300000000000000;-144,300000000000011;48,259999999999998;
2097;12748;54470;-131,610000000000014;-10,800000000000001;-359,199999999999989;106,510000000000005;
2098;12749;54471;-13,359999999999999;1,700000000000000;-38,000000000000000;13,570000000000000;
2099;12750;54472;-89,129999999999995;-3,400000000000000;-311,500000000000000;94,129999999999995;
2100;12751;54473;-57,509999999999998;-5,500000000000000;-132,900000000000006;47,530000000000001;
2101;12752;54474;-84,260000000000005;-38,100000000000001;-213,000000000000000;61,630000000000003;
2102;12753;54475;-176,610000000000014;-40,000000000000000;-325,100000000000023;127,079999999999998;
2103;12754;54476;-43,250000000000000;-30,300000000000001;-56,200000000000003;12,949999999999999;
2104;12755;54477;-59,229999999999997;-23,100000000000001;-117,799999999999997;23,350000000000001;
2105;12756;54478;-95,890000000000001;-35,299999999999997;-181,400000000000006;49,329999999999998;
2106;12757;54479;-73,230000000000004;-13,199999999999999;-230,500000000000000;82,780000000000001;
2107;12758;54482;-71,500000000000000;0,500000000000000;-197,000000000000000;67,069999999999993;
2108;12759;54483;-139,780000000000001;-3,100000000000000;-550,899999999999977;193,939999999999998;
2109;12760;54484;-72,689999999999998;-17,500000000000000;-211,599999999999994;54,409999999999997;
2110;12761;54485;-57,350000000000001;-34,700000000000003;-89,400000000000006;13,630000000000001;
2111;12762;54486;-200,830000000000013;-52,100000000000001;-419,800000000000011;122,840000000000003;
2112;12763;54487;-177,129999999999995;-0,800000000000000;-581,500000000000000;196,780000000000001;
2113;12764;54488;-112,420000000000002;-44,100000000000001;-210,900000000000006;59,109999999999999;
2114;12765;54490;-216,479999999999990;-17,699999999999999;-702,600000000000023;253,409999999999997;
2115;12766;54491;-39,109999999999999;-24,199999999999999;-67,700000000000003;15,720000000000001;
2116;12767;54493;-45,420000000000002;-14,800000000000001;-127,599999999999994;29,500000000000000;
2117;12768;54495;-39,670000000000002;-7,600000000000000;-72,700000000000003;26,590000000000000;
2118;12769;54496;-72,219999999999999;-9,800000000000001;-201,500000000000000;67,950000000000003;
2119;12770;54497;-69,900000000000006;7,200000000000000;-230,800000000000011;77,730000000000004;
2120;12771;54498;-183,740000000000009;-158,300000000000011;-240,599999999999994;29,199999999999999;
2121;12772;54500;-168,560000000000002;-57,600000000000001;-350,100000000000023;84,620000000000005;
2122;12773;54501;-116,310000000000002;-48,700000000000003;-302,100000000000023;60,109999999999999;
2123;12774;54502;-194,800000000000011;-50,000000000000000;-654,200000000000045;180,969999999999999;
2124;12775;54503;-39,799999999999997;-2,200000000000000;-92,000000000000000;38,090000000000003;
2125;12776;54504;-47,130000000000003;-6,700000000000000;-74,099999999999994;19,940000000000001;
2126;12777;54505;-93,590000000000003;-64,599999999999994;-143,800000000000011;26,460000000000001;
2127;12778;54506;-92,980000000000004;-4,500000000000000;-257,500000000000000;65,700000000000003;
2128;12779;54507;-179,229999999999990;-16,000000000000000;-473,699999999999989;150,199999999999989;
2129;12780;54508;-94,280000000000001;-4,200000000000000;-230,199999999999989;65,250000000000000;
2130;12781;54509;-142,340000000000003;-59,899999999999999;-286,699999999999989;77,109999999999999;
2131;12782;54510;-74,000000000000000;-9,900000000000000;-131,699999999999989;40,299999999999997;
2132;12783;54511;-75,019999999999996;-4,600000000000000;-126,500000000000000;31,090000000000000;
2133;12784;54512;-157,560000000000002;-6,000000000000000;-594,200000000000045;205,550000000000011;
2134;12785;54513;-156,469999999999999;-9,000000000000000;-429,300000000000011;125,959999999999994;
2135;12786;54514;-132,590000000000003;-7,400000000000000;-356,500000000000000;119,599999999999994;1187,3168945
2136;12787;54515;-171,340000000000003;-115,200000000000003;-244,099999999999994;36,430000000000000;
2137;12788;54516;-65,209999999999994;-33,299999999999997;-97,400000000000006;19,780000000000001;
2138;12789;54517;-86,780000000000001;-49,100000000000001;-122,000000000000000;32,350000000000001;1378,4832764
2139;12790;54518;-88,280000000000001;-66,500000000000000;-118,799999999999997;15,029999999999999;1219,5874023
2140;12791;54519;-59,719999999999999;0,400000000000000;-128,699999999999989;32,310000000000002;
2141;12792;54520;-69,439999999999998;-30,199999999999999;-161,800000000000011;37,299999999999997;
2142;12793;54521;-76,269999999999996;-28,000000000000000;-120,900000000000006;30,289999999999999;
2143;12794;54522;-40,689999999999998;17,600000000000001;-139,900000000000006;53,140000000000001;
2144;12795;54523;-111,329999999999998;10,400000000000000;-252,699999999999989;89,750000000000000;
2145;12796;54524;-48,670000000000002;-34,399999999999999;-62,899999999999999;8,359999999999999;
2146;12797;54525;-81,459999999999994;3,200000000000000;-321,399999999999977;84,090000000000003;
2147;12798;54527;-58,100000000000001;-51,500000000000000;-64,700000000000003;6,600000000000000;
2148;12799;54529;-141,930000000000007;2,900000000000000;-765,500000000000000;214,050000000000011;
2149;12800;54530;-10,250000000000000;-3,000000000000000;-17,500000000000000;7,250000000000000;
2150;12801;54531;6,250000000000000;6,900000000000000;5,600000000000000;0,650000000000000;
2151;12802;54533;-23,550000000000001;2,800000000000000;-64,400000000000006;26,510000000000002;
2152;12803;54536;-65,200000000000003;-51,000000000000000;-79,099999999999994;10,560000000000000;
2153;12804;54537;-71,379999999999995;-15,000000000000000;-124,299999999999997;38,810000000000002;
2154;12805;54538;-38,170000000000002;-13,600000000000000;-69,000000000000000;23,050000000000001;
2155;12806;54539;-138,300000000000011;-14,400000000000000;-384,399999999999977;142,659999999999997;
2156;12807;54540;-67,799999999999997;-13,699999999999999;-184,800000000000011;47,920000000000002;
2157;12808;54541;-60,549999999999997;-34,500000000000000;-76,900000000000006;13,580000000000000;
2158;12809;54542;-59,420000000000002;-48,000000000000000;-83,599999999999994;11,660000000000000;
2159;12810;54544;-10,000000000000000;0,100000000000000;-20,100000000000001;10,100000000000000;
2160;12811;54545;-60,939999999999998;-48,700000000000003;-82,299999999999997;11,740000000000000;
2161;12812;54546;-15,570000000000000;-4,600000000000000;-23,899999999999999;8,100000000000000;
2162;12813;54551;-19,100000000000001;-19,100000000000001;-19,100000000000001;0,000000000000000;
2163;12814;54552;-41,729999999999997;-34,899999999999999;-45,799999999999997;4,860000000000000;
2164;12815;54555;-7,350000000000000;4,600000000000000;-19,300000000000001;11,949999999999999;
2165;12816;54556;-37,960000000000001;-16,399999999999999;-66,000000000000000;16,370000000000001;
2166;12817;54557;-20,260000000000002;18,800000000000001;-91,000000000000000;32,270000000000003;
2167;12818;54559;-12,960000000000001;6,600000000000000;-57,899999999999999;19,090000000000000;1042,7763672
2168;12819;54561;-99,719999999999999;-34,299999999999997;-210,800000000000011;78,319999999999993;1040,7663574
2169;12820;54562;-107,810000000000002;-1,900000000000000;-289,500000000000000;113,209999999999994;1035,4554443
2170;12821;54565;-21,350000000000001;-2,900000000000000;-60,899999999999999;18,690000000000001;1042,7113037
2171;12822;54571;-17,520000000000000;6,600000000000000;-44,799999999999997;18,430000000000000;
2172;12823;54575;-35,700000000000003;-10,300000000000001;-75,000000000000000;21,270000000000000;
2173;12824;54581;-73,799999999999997;-5,300000000000000;-199,000000000000000;59,000000000000000;
2174;12825;54582;-52,180000000000000;-23,399999999999999;-86,000000000000000;16,739999999999998;
2175;12826;54583;-59,399999999999999;-48,500000000000000;-79,799999999999997;10,029999999999999;
2176;12827;54584;-71,829999999999998;-45,700000000000003;-96,000000000000000;20,579999999999998;
2177;12828;54585;-42,159999999999997;-32,000000000000000;-72,400000000000006;12,850000000000000;
2178;12829;54589;-22,680000000000000;4,400000000000000;-42,899999999999999;17,539999999999999;1065,5866699
2179;12830;54590;-16,859999999999999;5,300000000000000;-89,400000000000006;36,649999999999999;
2180;12831;54592;-7,410000000000000;5,800000000000000;-38,899999999999999;13,710000000000001;1045,2990723
2181;12832;54594;-15,600000000000000;-11,300000000000001;-19,899999999999999;4,300000000000000;1041,6457520
2182;12833;54600;-165,680000000000007;-54,600000000000001;-315,399999999999977;114,480000000000004;1045,8861084
2183;12834;54601;-108,450000000000003;-19,000000000000000;-275,600000000000023;98,459999999999994;1044,5100098
2184;12835;54602;-52,079999999999998;-10,000000000000000;-109,799999999999997;46,729999999999997;
2185;12836;54605;-71,049999999999997;-9,800000000000001;-132,300000000000011;59,479999999999997;
2186;12837;54606;-95,099999999999994;-30,500000000000000;-304,000000000000000;76,819999999999993;
2187;12838;54607;-127,500000000000000;-83,700000000000003;-171,300000000000011;43,799999999999997;
2188;12839;54608;-74,319999999999993;-46,399999999999999;-112,099999999999994;22,859999999999999;
2189;12840;54610;-308,629999999999995;-33,500000000000000;-508,300000000000011;198,939999999999998;
2190;12841;54611;-53,689999999999998;-17,800000000000001;-98,000000000000000;24,160000000000000;
2191;12842;54612;-62,770000000000003;-50,100000000000001;-88,400000000000006;11,660000000000000;
2192;12843;54614;-111,129999999999995;-71,799999999999997;-131,300000000000011;23,579999999999998;
2193;12844;54616;-45,490000000000002;-2,700000000000000;-81,400000000000006;26,109999999999999;1623,9298096
2194;12845;54617;-52,060000000000002;-40,100000000000001;-68,799999999999997;9,880000000000001;
2195;12846;54618;-51,640000000000001;-42,100000000000001;-61,700000000000003;6,850000000000000;
2196;12847;54620;-51,149999999999999;-42,700000000000003;-59,600000000000001;8,449999999999999;
2197;12848;54624;-34,079999999999998;14,400000000000000;-109,099999999999994;48,210000000000001;
2198;12849;54636;-31,829999999999998;-11,699999999999999;-78,500000000000000;21,230000000000000;
2199;12850;54637;-45,850000000000001;-26,800000000000001;-80,500000000000000;21,559999999999999;
2200;12851;54638;-158,259999999999991;-16,100000000000001;-276,199999999999989;106,769999999999996;
2201;12852;54639;-98,659999999999997;-4,700000000000000;-174,599999999999994;64,290000000000006;
2202;12853;54640;-228,569999999999993;-48,299999999999997;-334,899999999999977;128,150000000000006;
2203;12854;54645;-17,379999999999999;-9,900000000000000;-23,699999999999999;5,070000000000000;
2204;12855;54646;-22,170000000000002;9,000000000000000;-90,500000000000000;32,460000000000001;
2205;12856;54647;-32,299999999999997;-1,500000000000000;-43,500000000000000;15,680000000000000;
2206;12857;54648;-31,899999999999999;4,700000000000000;-124,200000000000003;43,009999999999998;
2207;12858;54650;-34,020000000000003;-15,600000000000000;-84,000000000000000;23,050000000000001;
2208;12859;54651;-25,530000000000001;2,700000000000000;-36,600000000000001;13,640000000000001;
2209;12860;54652;-114,750000000000000;-42,000000000000000;-272,800000000000011;78,540000000000006;
2210;12861;54654;-54,969999999999999;-2,100000000000000;-204,199999999999989;64,359999999999999;1015,7183228
2211;12862;54656;-20,730000000000000;-8,500000000000000;-28,699999999999999;7,590000000000000;
2212;12863;54658;-113,280000000000001;-30,000000000000000;-383,199999999999989;128,949999999999989;
2213;12864;54661;-55,509999999999998;-27,399999999999999;-84,099999999999994;18,469999999999999;
2214;12865;54662;-120,299999999999997;-8,800000000000001;-197,099999999999994;69,750000000000000;
2215;12866;54663;-108,709999999999994;-8,100000000000000;-235,199999999999989;83,859999999999999;
2216;12867;54667;-87,540000000000006;-3,800000000000000;-266,399999999999977;95,959999999999994;
2217;12868;54669;-104,459999999999994;-5,700000000000000;-388,300000000000011;121,040000000000006;
2218;12869;54670;-40,579999999999998;-3,500000000000000;-66,299999999999997;21,649999999999999;
2219;12870;54671;-47,409999999999997;-41,500000000000000;-54,600000000000001;4,880000000000000;
2220;12871;54675;-42,210000000000001;-7,800000000000000;-70,099999999999994;21,640000000000001;
2221;12872;54676;-129,229999999999990;-37,200000000000003;-484,399999999999977;147,300000000000011;
2222;12873;54677;-28,879999999999999;-4,700000000000000;-53,299999999999997;17,309999999999999;
2223;12874;54680;-45,939999999999998;-29,000000000000000;-61,299999999999997;13,980000000000000;
2224;12875;54681;-37,950000000000003;-2,400000000000000;-73,500000000000000;35,549999999999997;
2225;12876;54682;-16,480000000000000;2,400000000000000;-35,799999999999997;13,840000000000000;
2226;12877;54683;-176,400000000000006;-91,000000000000000;-254,900000000000006;76,400000000000006;
2227;12878;54684;-126,099999999999994;-126,099999999999994;-126,099999999999994;0,000000000000000;
2228;12879;54685;-61,000000000000000;-3,000000000000000;-122,700000000000003;32,299999999999997;
2229;12880;54690;-25,510000000000002;-4,200000000000000;-87,400000000000006;25,930000000000000;
2230;12881;54691;-39,100000000000001;0,900000000000000;-159,300000000000011;52,670000000000002;
2231;12882;54695;-117,609999999999999;-40,200000000000003;-289,800000000000011;104,040000000000006;
2232;12883;54697;-74,390000000000001;-40,399999999999999;-94,700000000000003;17,640000000000001;
2233;12884;54698;-25,920000000000002;-13,600000000000000;-36,700000000000003;6,410000000000000;
2234;12885;54699;-94,170000000000002;-43,399999999999999;-154,400000000000006;36,590000000000003;
2235;12886;54700;-349,699999999999989;-15,699999999999999;-673,200000000000045;276,709999999999980;
2236;12887;54702;-158,780000000000001;-58,299999999999997;-502,600000000000023;154,590000000000003;
2237;12888;54704;-6,620000000000000;1,500000000000000;-16,500000000000000;7,740000000000000;
2238;12889;54705;-138,789999999999992;-72,599999999999994;-241,699999999999989;65,900000000000006;
2239;12890;54706;-343,430000000000007;-18,899999999999999;-1048,599999999999909;412,370000000000005;
2240;12891;54708;-151,539999999999992;-54,799999999999997;-428,899999999999977;125,560000000000002;1061,9133301
2241;12892;54713;-41,109999999999999;-4,400000000000000;-58,299999999999997;17,530000000000001;
2242;12893;54714;-48,049999999999997;2,900000000000000;-117,700000000000003;51,200000000000003;
2243;12894;54715;-76,349999999999994;-23,199999999999999;-111,000000000000000;33,930000000000000;
2244;12895;54716;-46,109999999999999;-3,500000000000000;-124,700000000000003;43,689999999999998;
2245;12896;54717;-147,430000000000007;-51,799999999999997;-340,800000000000011;113,890000000000001;
2246;12897;54718;-55,229999999999997;-50,299999999999997;-66,099999999999994;6,340000000000000;
2247;12898;54719;-138,129999999999995;-45,700000000000003;-336,600000000000023;112,680000000000007;
2248;12899;54720;-27,120000000000001;-0,200000000000000;-73,099999999999994;20,469999999999999;
2249;12900;54721;-141,479999999999990;-17,699999999999999;-433,000000000000000;112,750000000000000;
2250;12901;54722;-34,380000000000003;-15,199999999999999;-47,200000000000003;12,840000000000000;1065,3718262
2251;12902;54723;-93,280000000000001;-43,200000000000003;-165,099999999999994;42,890000000000001;1066,9932861
2252;12903;54724;-131,889999999999986;-11,000000000000000;-262,899999999999977;72,879999999999995;1067,0169678
2253;12904;54726;-99,540000000000006;-49,700000000000003;-133,400000000000006;25,050000000000001;
2254;12905;54727;-192,419999999999987;-12,500000000000000;-887,899999999999977;347,779999999999973;
2255;12906;54728;-47,689999999999998;5,000000000000000;-172,699999999999989;51,630000000000003;
2256;12907;54729;-111,819999999999993;-29,899999999999999;-170,300000000000011;48,359999999999999;1069,4288330
2257;12908;54734;-63,399999999999999;-17,399999999999999;-84,799999999999997;18,960000000000001;
2258;12909;54735;-211,439999999999998;-19,199999999999999;-642,000000000000000;248,509999999999991;
2259;12910;54737;-80,799999999999997;-31,199999999999999;-158,000000000000000;47,060000000000002;
2260;12911;54738;-55,899999999999999;-0,800000000000000;-109,299999999999997;34,630000000000003;
2261;12912;54739;-269,569999999999993;-227,099999999999994;-290,800000000000011;30,030000000000001;
2262;12913;54740;-48,890000000000001;-25,500000000000000;-127,700000000000003;31,160000000000000;
2263;12914;54742;-79,390000000000001;0,000000000000000;-225,099999999999994;69,400000000000006;
2264;12915;54743;-90,939999999999998;-4,800000000000000;-237,099999999999994;85,010000000000005;
2265;12916;54744;-97,680000000000007;-39,799999999999997;-223,900000000000006;64,980000000000004;
2266;12917;54746;-14,949999999999999;1,000000000000000;-30,899999999999999;15,949999999999999;
2267;12918;54747;-74,760000000000005;-49,799999999999997;-95,000000000000000;17,570000000000000;
2268;12919;54748;-128,800000000000011;-0,500000000000000;-394,800000000000011;131,400000000000006;
2269;12920;54749;-51,750000000000000;-21,500000000000000;-80,200000000000003;16,180000000000000;
2270;12921;54751;-62,100000000000001;-6,400000000000000;-220,199999999999989;91,340000000000003;
2271;12922;54752;-55,079999999999998;-17,100000000000001;-123,099999999999994;37,909999999999997;
2272;12923;54753;-127,480000000000004;-9,199999999999999;-294,399999999999977;116,299999999999997;
2273;12924;54755;-265,970000000000027;-1,800000000000000;-912,299999999999955;273,920000000000016;
2274;12925;54756;-41,590000000000003;1,900000000000000;-176,599999999999994;55,560000000000002;
2275;12926;54757;-59,520000000000003;-29,100000000000001;-129,599999999999994;36,250000000000000;1079,9792480
2276;12927;54758;-195,199999999999989;-58,700000000000003;-339,300000000000011;104,739999999999995;
2277;12928;54759;-240,849999999999994;-49,000000000000000;-714,000000000000000;223,340000000000003;
2278;12929;54760;-93,230000000000004;-47,200000000000003;-140,900000000000006;28,690000000000001;
2279;12930;54761;-46,729999999999997;3,700000000000000;-85,599999999999994;29,899999999999999;
2280;12931;54762;-80,109999999999999;-19,100000000000001;-147,500000000000000;30,020000000000000;1010,0098877
2281;12932;54763;-191,500000000000000;-70,099999999999994;-423,399999999999977;140,069999999999993;
2282;12933;54764;-177,219999999999999;-46,100000000000001;-385,600000000000023;97,260000000000005;
2283;12934;54765;-109,310000000000002;2,500000000000000;-288,000000000000000;105,510000000000005;
2284;12935;54768;-342,139999999999986;0,700000000000000;-771,899999999999977;284,160000000000025;1096,6196289
2285;12936;54769;-49,890000000000001;-0,600000000000000;-108,700000000000003;30,680000000000000;1097,4483643
2286;12937;54770;-54,310000000000002;-4,600000000000000;-176,500000000000000;55,780000000000001;
2287;12938;54771;-100,219999999999999;-3,300000000000000;-303,800000000000011;97,859999999999999;
2288;12939;54772;-89,900000000000006;-54,399999999999999;-170,400000000000006;39,729999999999997;
2289;12940;54773;-44,509999999999998;-9,900000000000000;-129,300000000000011;41,710000000000001;1057,0618896
2290;12941;54774;-96,049999999999997;-6,300000000000000;-342,500000000000000;103,290000000000006;1047,7991943
2291;12942;54775;-100,819999999999993;-4,700000000000000;-380,399999999999977;102,799999999999997;
2292;12943;54776;-88,400000000000006;-41,200000000000003;-195,300000000000011;45,189999999999998;
2293;12944;54777;-133,629999999999995;-4,800000000000000;-373,300000000000011;117,870000000000005;
2294;12945;54778;-136,780000000000001;-33,299999999999997;-494,699999999999989;161,210000000000008;
2295;12946;54779;-175,020000000000010;-3,000000000000000;-369,899999999999977;126,879999999999995;
2296;12947;54780;-193,819999999999993;-45,600000000000001;-702,000000000000000;163,080000000000013;
2297;12948;54781;-122,760000000000005;-39,200000000000003;-466,800000000000011;104,670000000000002;
2298;12949;54782;-189,509999999999991;-3,400000000000000;-639,299999999999955;208,009999999999991;
2299;12950;54783;-36,399999999999999;-0,300000000000000;-56,700000000000003;20,989999999999998;
2300;12951;54784;-81,870000000000005;-32,799999999999997;-184,300000000000011;49,490000000000002;
2301;12952;54785;-136,069999999999993;-3,800000000000000;-361,000000000000000;143,710000000000008;
2302;12953;54787;-153,169999999999987;-13,199999999999999;-376,100000000000023;132,289999999999992;
2303;12954;54788;-137,889999999999986;-10,699999999999999;-770,700000000000045;186,080000000000013;
2304;12955;54789;-102,079999999999998;-34,100000000000001;-231,900000000000006;58,680000000000000;
2305;12956;54790;-71,780000000000001;-10,500000000000000;-130,699999999999989;33,729999999999997;
2306;12957;54791;-92,730000000000004;-48,299999999999997;-182,199999999999989;38,189999999999998;
2307;12958;54792;-103,709999999999994;-35,799999999999997;-194,400000000000006;53,320000000000000;
2308;12959;54793;-65,810000000000002;-3,000000000000000;-128,900000000000006;34,170000000000002;
2309;12960;54794;-56,340000000000003;-28,000000000000000;-70,000000000000000;13,300000000000001;
2310;12961;54795;-64,530000000000001;-3,700000000000000;-166,199999999999989;52,939999999999998;
2311;12962;54796;-91,549999999999997;-72,900000000000006;-150,500000000000000;26,640000000000001;1128,7133789
2312;12963;54797;-52,380000000000003;-11,900000000000000;-88,400000000000006;26,539999999999999;
2313;12964;54798;-140,129999999999995;-1,000000000000000;-455,500000000000000;162,330000000000013;
2314;12965;54799;-39,850000000000001;-12,800000000000001;-53,100000000000001;16,020000000000000;
2315;12966;54800;-88,299999999999997;-44,299999999999997;-217,599999999999994;56,329999999999998;
2316;12967;54801;-74,480000000000004;-37,299999999999997;-115,500000000000000;27,289999999999999;
2317;12968;54802;-48,719999999999999;-27,300000000000001;-63,600000000000001;12,810000000000000;
2318;12969;54803;-91,739999999999995;-44,399999999999999;-170,000000000000000;41,680000000000000;
2319;12970;54804;-114,569999999999993;-13,000000000000000;-417,800000000000011;119,030000000000001;
2320;12971;54805;-99,200000000000003;-28,500000000000000;-151,300000000000011;48,090000000000003;
2321;12972;54806;-83,730000000000004;-33,299999999999997;-123,700000000000003;29,010000000000002;
2322;12973;54807;-101,760000000000005;-29,500000000000000;-178,000000000000000;59,270000000000003;
2323;12974;54808;-113,409999999999997;-33,899999999999999;-201,599999999999994;64,969999999999999;
2324;12975;54809;-131,800000000000011;-63,899999999999999;-239,400000000000006;64,069999999999993;
2325;12976;54810;-190,889999999999986;-59,600000000000001;-431,399999999999977;139,939999999999998;
2326;12977;54811;-85,469999999999999;-50,899999999999999;-150,300000000000011;32,350000000000001;
2327;12978;54812;-163,120000000000005;-16,100000000000001;-627,799999999999955;192,370000000000005;
2328;12979;54813;-99,000000000000000;-45,799999999999997;-190,699999999999989;45,310000000000002;
2329;12980;54814;-66,049999999999997;-30,600000000000001;-117,099999999999994;27,570000000000000;
2330;12981;54815;-115,510000000000005;-10,500000000000000;-406,500000000000000;110,879999999999995;
2331;12982;54816;-76,040000000000006;-31,000000000000000;-252,900000000000006;67,709999999999994;
2332;12983;54817;-61,000000000000000;-47,399999999999999;-74,599999999999994;13,600000000000000;1073,9066162
2333;12984;54818;-211,449999999999989;-125,000000000000000;-297,899999999999977;86,450000000000003;
2334;12985;54819;-105,230000000000004;-46,399999999999999;-184,099999999999994;55,460000000000001;
2335;12986;54821;-1,650000000000000;-0,600000000000000;-2,700000000000000;1,050000000000000;
2336;12987;54823;-36,350000000000001;-23,199999999999999;-49,500000000000000;13,150000000000000;
2337;12988;54825;-138,729999999999990;-54,100000000000001;-285,500000000000000;93,560000000000002;
2338;12989;54832;-34,829999999999998;-3,300000000000000;-81,599999999999994;31,239999999999998;
2339;12990;54839;-109,790000000000006;-26,899999999999999;-258,300000000000011;70,239999999999995;
2340;12991;54840;-128,580000000000013;-31,300000000000001;-329,000000000000000;88,010000000000005;
2341;12992;54841;-78,159999999999997;-24,600000000000001;-108,200000000000003;25,430000000000000;
2342;12993;54842;-50,210000000000001;-4,600000000000000;-68,599999999999994;18,329999999999998;
2343;12994;54843;-213,430000000000007;-63,299999999999997;-754,899999999999977;224,490000000000009;
2344;12995;54845;-63,630000000000003;-19,899999999999999;-109,099999999999994;28,859999999999999;
2345;12996;54846;-64,969999999999999;-33,299999999999997;-107,099999999999994;25,010000000000002;
2346;12997;54847;-78,870000000000005;-24,600000000000001;-152,900000000000006;41,490000000000002;1107,4516602
2347;12998;54848;-55,259999999999998;-10,100000000000000;-82,900000000000006;22,190000000000001;
2348;12999;54849;-229,560000000000002;-7,200000000000000;-632,700000000000045;238,550000000000011;
2349;13000;54850;-66,590000000000003;-26,199999999999999;-143,900000000000006;38,409999999999997;
2350;13001;54851;-67,379999999999995;-13,500000000000000;-140,199999999999989;34,820000000000000;
2351;13002;54852;-194,400000000000006;-15,699999999999999;-422,300000000000011;136,069999999999993;
2352;13003;54853;-113,250000000000000;-17,800000000000001;-301,600000000000023;96,599999999999994;
2353;13004;54854;-113,629999999999995;-44,500000000000000;-312,000000000000000;83,829999999999998;
2354;13005;54855;-74,180000000000007;-0,800000000000000;-162,000000000000000;45,369999999999997;
2355;13006;54856;-91,760000000000005;-16,699999999999999;-174,000000000000000;50,280000000000001;
2356;21712;90310;-240,229999999999990;-35,700000000000003;-1075,299999999999955;328,569999999999993;1285,7088623
2357;21713;90311;-242,659999999999997;-12,900000000000000;-805,799999999999955;289,110000000000014;1471,9232178
2358;21714;90312;-86,760000000000005;-52,399999999999999;-180,699999999999989;40,090000000000003;
2359;21715;90313;-232,500000000000000;-57,799999999999997;-540,899999999999977;174,949999999999989;
2360;21716;90314;-99,060000000000002;-18,199999999999999;-222,300000000000011;61,600000000000001;
2361;21717;90315;-140,250000000000000;-12,600000000000000;-444,500000000000000;125,159999999999997;
2362;21718;90316;-212,590000000000003;-11,100000000000000;-640,000000000000000;189,509999999999991;1615,9223633
2363;21719;90317;-58,100000000000001;-58,100000000000001;-58,100000000000001;0,000000000000000;1354,4992676
2364;21720;90320;-119,980000000000004;-31,800000000000001;-197,000000000000000;46,399999999999999;1632,9069824
2365;21721;90321;-123,599999999999994;-62,200000000000003;-238,000000000000000;67,719999999999999;1641,9902344
2366;21722;90322;-209,000000000000000;-58,000000000000000;-586,600000000000023;183,379999999999995;1801,1158447
2367;21723;90336;-232,889999999999986;-32,399999999999999;-603,899999999999977;211,750000000000000;1239,5332031
2368;21756;90559;-58,280000000000001;-10,500000000000000;-138,500000000000000;39,049999999999997;
2369;21757;90560;-52,030000000000001;-24,300000000000001;-128,800000000000011;35,170000000000002;
2370;21758;90583;-102,159999999999997;-51,600000000000001;-277,300000000000011;72,609999999999999;
2371;21759;90584;-221,990000000000009;-61,000000000000000;-534,700000000000045;164,669999999999987;1251,5874023
2372;21760;90585;-80,870000000000005;-2,800000000000000;-336,000000000000000;106,349999999999994;1363,8083496
2373;21761;90586;-116,120000000000005;-28,500000000000000;-228,500000000000000;62,159999999999997;1525,8837891
2374;21762;90588;-133,530000000000001;-32,899999999999999;-304,899999999999977;91,750000000000000;
2375;21763;90589;-143,770000000000010;-56,299999999999997;-370,000000000000000;85,219999999999999;
2376;21764;90590;-92,090000000000003;-1,300000000000000;-239,300000000000011;79,709999999999994;
2377;21765;90598;-103,349999999999994;-3,100000000000000;-197,599999999999994;94,359999999999999;1235,7222900
2378;21766;90605;-12,270000000000000;-7,000000000000000;-21,000000000000000;6,220000000000000;1157,6422119
2379;21767;90606;-94,819999999999993;-5,200000000000000;-234,199999999999989;97,599999999999994;1203,0850830
2380;21768;90610;-130,000000000000000;-7,400000000000000;-188,300000000000011;55,560000000000002;1191,2955322
2381;21769;90611;-611,440000000000055;-153,599999999999994;-1168,900000000000091;310,509999999999991;
2382;21770;90613;-176,900000000000006;-48,700000000000003;-384,399999999999977;110,790000000000006;1176,3315430
2383;21771;90616;-87,840000000000003;-23,699999999999999;-197,000000000000000;56,229999999999997;1126,1574707
2384;24159;121070;-239,250000000000000;-232,900000000000006;-245,599999999999994;6,350000000000000;
2385;24160;121071;-19,600000000000001;-2,400000000000000;-65,500000000000000;23,789999999999999;911,1557007
2386;24161;121074;-212,550000000000011;-66,900000000000006;-304,300000000000011;89,090000000000003;
2387;24162;121082;-311,730000000000018;-232,900000000000006;-462,600000000000023;106,719999999999999;
2388;24163;121088;-68,209999999999994;-8,400000000000000;-135,699999999999989;37,509999999999998;
2389;24164;121089;-85,769999999999996;-10,900000000000000;-186,099999999999994;53,479999999999997;
2390;24165;121091;-117,049999999999997;-48,600000000000001;-242,699999999999989;60,920000000000002;
2391;24166;121093;-106,700000000000003;11,600000000000000;-375,800000000000011;111,579999999999998;
2392;24167;121094;-82,810000000000002;-17,800000000000001;-250,099999999999994;79,099999999999994;874,8098145
2393;24168;121095;-35,799999999999997;-35,799999999999997;-35,799999999999997;0,000000000000000;
2394;24169;121096;-80,629999999999995;-22,300000000000001;-228,400000000000006;85,969999999999999;
2395;24170;121097;-141,099999999999994;-64,599999999999994;-330,699999999999989;82,010000000000005;
2396;24171;121098;-186,830000000000013;-31,699999999999999;-310,100000000000023;107,349999999999994;872,7037354
2397;24172;121100;-112,420000000000002;-37,100000000000001;-262,199999999999989;80,090000000000003;
2398;24173;121113;-160,000000000000000;-22,000000000000000;-298,199999999999989;108,010000000000005;
2399;24174;121119;89,000000000000000;89,000000000000000;89,000000000000000;0,000000000000000;
2400;24175;121137;-37,500000000000000;-37,500000000000000;-37,500000000000000;0,000000000000000;
2401;24176;121141;-3,370000000000000;86,299999999999997;-102,400000000000006;52,250000000000000;
2402;24177;121152;-60,380000000000003;-19,800000000000001;-93,400000000000006;26,309999999999999;
2403;24178;121160;-18,949999999999999;19,800000000000001;-44,200000000000003;25,690000000000001;
2404;24179;121181;-106,319999999999993;-46,399999999999999;-176,000000000000000;46,549999999999997;
2405;24180;121196;124,019999999999996;157,000000000000000;20,500000000000000;52,210000000000001;
2406;24181;121229;-62,229999999999997;-40,000000000000000;-107,000000000000000;26,500000000000000;
2407;24182;121237;-39,259999999999998;-0,800000000000000;-64,099999999999994;23,989999999999998;1801,7402344
2408;24183;121238;-280,439999999999998;-54,500000000000000;-637,399999999999977;194,590000000000003;
2409;24184;121249;-24,399999999999999;-15,400000000000000;-33,399999999999999;9,000000000000000;
2410;24185;121262;-142,789999999999992;3,300000000000000;-463,800000000000011;181,680000000000007;
2411;24186;121263;-276,949999999999989;-68,500000000000000;-846,799999999999955;241,460000000000008;
2412;24187;121264;-259,870000000000005;-25,500000000000000;-1021,399999999999977;306,230000000000018;
2413;24188;121265;-82,319999999999993;-20,500000000000000;-141,300000000000011;35,340000000000003;
2414;24189;121267;-8,550000000000001;3,500000000000000;-32,000000000000000;14,140000000000001;
2415;24190;121298;-267,850000000000023;1,500000000000000;-886,299999999999955;296,550000000000011;
2416;24191;121305;-105,430000000000007;-2,700000000000000;-292,699999999999989;132,629999999999995;
2417;24192;121306;-43,469999999999999;-17,699999999999999;-58,299999999999997;18,289999999999999;
2418;24193;121307;-390,170000000000016;-77,500000000000000;-1201,700000000000045;328,670000000000016;
2419;24194;121309;-115,900000000000006;-5,500000000000000;-195,500000000000000;74,010000000000005;
2420;24195;121310;-36,700000000000003;1,200000000000000;-63,000000000000000;27,460000000000001;
2421;24196;121311;-48,579999999999998;-32,100000000000001;-64,700000000000003;11,570000000000000;
2422;24197;121312;-121,480000000000004;-5,400000000000000;-408,699999999999989;149,560000000000002;
2423;24198;121313;-66,060000000000002;-27,199999999999999;-123,000000000000000;35,939999999999998;
2424;24199;121314;-31,539999999999999;-15,500000000000000;-50,000000000000000;11,869999999999999;
2425;24200;121315;-64,599999999999994;-44,600000000000001;-81,099999999999994;15,109999999999999;
2426;24201;121316;-36,920000000000002;-19,800000000000001;-67,099999999999994;14,710000000000001;
2427;24202;121319;-90,569999999999993;-60,399999999999999;-137,800000000000011;33,820000000000000;
2428;24203;121320;-28,399999999999999;-5,500000000000000;-51,299999999999997;22,899999999999999;
2429;24204;121345;-20,890000000000001;10,400000000000000;-64,200000000000003;22,100000000000001;
2430;24205;121349;-45,000000000000000;-13,300000000000001;-76,700000000000003;31,699999999999999;
2431;24206;121356;-93,879999999999995;-1,000000000000000;-221,500000000000000;66,810000000000002;
2432;24207;121359;-41,500000000000000;-23,899999999999999;-58,100000000000001;13,980000000000000;
2433;24208;121364;-66,620000000000005;-14,500000000000000;-162,000000000000000;48,200000000000003;
2434;24209;121365;-88,019999999999996;7,500000000000000;-309,699999999999989;109,030000000000001;
2435;24210;121367;-63,399999999999999;-15,199999999999999;-112,599999999999994;40,609999999999999;
2436;24211;121369;-133,650000000000006;-110,500000000000000;-156,800000000000011;23,149999999999999;
2437;24212;121373;-111,599999999999994;-73,200000000000003;-150,000000000000000;38,399999999999999;
2438;24213;121374;-248,840000000000003;-15,900000000000000;-688,299999999999955;260,759999999999991;
2439;24214;121375;-231,300000000000011;-7,400000000000000;-665,399999999999977;212,710000000000008;
2440;24215;121376;-250,479999999999990;-96,700000000000003;-455,899999999999977;143,159999999999997;
2441;24216;121377;-37,899999999999999;-26,300000000000001;-60,600000000000001;16,050000000000001;
2442;24217;121378;-94,560000000000002;4,700000000000000;-166,699999999999989;54,450000000000003;
2443;24218;121379;-77,599999999999994;-30,300000000000001;-124,500000000000000;39,140000000000001;
2444;24219;121380;-96,569999999999993;-11,199999999999999;-151,800000000000011;61,229999999999997;
2445;24220;121382;-154,569999999999993;-25,699999999999999;-249,199999999999989;83,480000000000004;
2446;24221;121384;-119,120000000000005;-23,300000000000001;-212,599999999999994;65,930000000000007;
2447;24222;121385;-170,469999999999999;-74,500000000000000;-236,099999999999994;69,370000000000005;
2448;24223;121386;-100,099999999999994;-4,100000000000000;-255,699999999999989;81,969999999999999;
2449;24224;121387;-122,129999999999995;-50,799999999999997;-227,699999999999989;60,170000000000002;1300,3403320
2450;24225;121388;-90,519999999999996;-8,199999999999999;-233,400000000000006;72,790000000000006;
2451;24226;121389;-35,850000000000001;-2,800000000000000;-89,000000000000000;37,500000000000000;
2452;24227;121390;-48,479999999999997;-43,700000000000003;-51,100000000000001;2,710000000000000;
2453;24228;121393;-18,699999999999999;-11,800000000000001;-25,600000000000001;6,900000000000000;
2454;24229;121395;-18,800000000000001;-12,500000000000000;-25,100000000000001;6,300000000000000;
2455;24230;121396;-246,819999999999993;-18,500000000000000;-596,200000000000045;175,479999999999990;
2456;24231;121399;-133,810000000000002;-2,700000000000000;-494,000000000000000;160,960000000000008;
2457;24232;121415;-53,859999999999999;-24,699999999999999;-109,299999999999997;29,629999999999999;
2458;24233;121418;-43,030000000000001;-16,899999999999999;-65,000000000000000;17,140000000000001;
2459;24234;121419;-49,899999999999999;-24,000000000000000;-90,900000000000006;29,320000000000000;
2460;24235;121429;-145,580000000000013;-11,000000000000000;-339,800000000000011;109,659999999999997;
2461;24236;121433;-53,850000000000001;-23,699999999999999;-93,200000000000003;22,230000000000000;
2462;24237;121441;-160,810000000000002;-86,000000000000000;-300,300000000000011;75,260000000000005;
2463;24238;121447;-38,700000000000003;-0,200000000000000;-107,799999999999997;37,750000000000000;
2464;24239;121449;-144,090000000000003;-19,000000000000000;-228,599999999999994;74,019999999999996;
2465;24240;121451;-36,340000000000003;47,100000000000001;-183,300000000000011;75,280000000000001;
2466;24241;121452;-80,709999999999994;15,199999999999999;-245,099999999999994;78,670000000000002;
2467;24242;121456;-50,329999999999998;3,900000000000000;-123,099999999999994;43,219999999999999;
2468;24243;121458;-32,049999999999997;-24,800000000000001;-39,299999999999997;7,250000000000000;
2469;24244;121459;-51,729999999999997;-51,100000000000001;-52,100000000000001;0,450000000000000;
2470;24245;121466;-80,750000000000000;-19,899999999999999;-141,599999999999994;60,850000000000001;
2471;24246;121481;-21,050000000000001;3,900000000000000;-82,099999999999994;35,359999999999999;
2472;24247;121486;-282,199999999999989;-182,500000000000000;-359,199999999999989;73,900000000000006;
2473;24705;127614;-137,960000000000008;-22,699999999999999;-524,200000000000045;171,759999999999991;1019,9212036
2474;24706;127624;-116,209999999999994;-11,100000000000000;-299,899999999999977;104,680000000000007;1133,5891113
2475;24707;127625;-116,019999999999996;-34,899999999999999;-499,800000000000011;143,539999999999992;959,2736206
2476;24708;127645;-14,400000000000000;-12,699999999999999;-16,100000000000001;1,700000000000000;
2477;24709;127651;-27,530000000000001;-7,900000000000000;-65,900000000000006;18,590000000000000;993,1839600
2478;24710;127658;-25,980000000000000;-23,000000000000000;-32,299999999999997;3,350000000000000;1036,8695068
2479;24711;127673;-142,599999999999994;-25,699999999999999;-388,600000000000023;119,269999999999996;1015,9850464
2480;24712;127674;-42,829999999999998;-10,199999999999999;-81,700000000000003;29,059999999999999;1015,0402832
2481;24713;127680;-525,299999999999955;-218,099999999999994;-832,500000000000000;307,199999999999989;1232,0789795
2482;24714;127681;-24,120000000000001;-23,199999999999999;-24,899999999999999;0,640000000000000;1105,3735352
2483;24715;127689;-9,970000000000001;-6,400000000000000;-12,199999999999999;2,550000000000000;
2484;24716;127690;-2,700000000000000;1,800000000000000;-7,200000000000000;4,500000000000000;
2485;24717;127692;-58,640000000000001;-2,700000000000000;-193,900000000000006;78,659999999999997;1070,8935547
2486;24718;127701;-15,300000000000001;-7,400000000000000;-23,199999999999999;7,900000000000000;
2487;24719;127702;-53,630000000000003;-47,000000000000000;-71,500000000000000;10,340000000000000;
2488;24720;127703;-64,299999999999997;8,699999999999999;-229,800000000000011;77,760000000000005;
2489;24721;127704;-97,189999999999998;1,600000000000000;-217,199999999999989;76,390000000000001;
2490;24722;127706;-80,379999999999995;2,600000000000000;-110,099999999999994;43,259999999999998;
2491;24723;127707;-82,260000000000005;5,200000000000000;-289,500000000000000;109,890000000000001;
2492;24724;127708;-17,100000000000001;1,300000000000000;-37,100000000000001;13,960000000000001;869,7022705
2493;24725;127715;-42,570000000000000;-36,299999999999997;-54,700000000000003;8,580000000000000;
2494;24726;127716;-65,000000000000000;-40,399999999999999;-94,500000000000000;19,609999999999999;
2495;24727;127718;-252,000000000000000;-57,500000000000000;-615,000000000000000;255,099999999999994;
2496;24728;127727;-29,600000000000001;-5,900000000000000;-47,899999999999999;14,789999999999999;
2497;24729;127729;-73,069999999999993;3,500000000000000;-196,599999999999994;88,180000000000007;
2498;24730;127730;-67,879999999999995;-22,000000000000000;-131,300000000000011;37,869999999999997;
2499;24731;127731;-21,770000000000000;6,500000000000000;-97,599999999999994;36,770000000000003;
2500;24732;127732;-199,120000000000005;-49,299999999999997;-444,800000000000011;139,530000000000001;
2501;24733;127733;-63,729999999999997;-24,399999999999999;-139,300000000000011;33,609999999999999;
2502;24734;127734;-700,649999999999977;-165,699999999999989;-1211,799999999999955;417,120000000000005;1057,8895264
2503;24735;127735;-168,680000000000007;-17,399999999999999;-349,199999999999989;139,659999999999997;1056,7015381
2504;24736;127736;-561,399999999999977;-512,100000000000023;-610,700000000000045;49,299999999999997;
2505;24737;127740;-55,250000000000000;-10,900000000000000;-211,199999999999989;70,819999999999993;
2506;24738;127741;-174,419999999999987;-35,700000000000003;-313,600000000000023;91,439999999999998;
2507;24739;127742;-19,420000000000002;6,200000000000000;-60,299999999999997;22,359999999999999;
2508;24740;127743;-29,739999999999998;-9,300000000000001;-43,200000000000003;11,940000000000000;
2509;24741;127744;-66,640000000000001;-10,000000000000000;-408,699999999999989;105,969999999999999;
2510;24742;127751;-14,310000000000000;-1,700000000000000;-22,699999999999999;7,480000000000000;951,8822632
2511;24743;127757;-125,319999999999993;-33,000000000000000;-267,600000000000023;71,400000000000006;
2512;24744;127758;-49,530000000000001;-11,500000000000000;-189,099999999999994;59,479999999999997;
2513;24745;127766;-53,820000000000000;-2,700000000000000;-142,199999999999989;53,250000000000000;
2514;24746;127768;-158,960000000000008;-62,899999999999999;-307,000000000000000;80,340000000000003;
2515;24747;127771;-178,439999999999998;-26,600000000000001;-510,399999999999977;175,250000000000000;
2516;24748;127772;-106,650000000000006;-8,400000000000000;-584,600000000000023;149,840000000000003;
2517;24749;127773;-44,100000000000001;-34,899999999999999;-54,100000000000001;9,220000000000001;
2518;24750;127774;-63,329999999999998;-56,700000000000003;-72,299999999999997;6,170000000000000;
2519;24751;127776;-26,480000000000000;-3,200000000000000;-49,899999999999999;21,559999999999999;
2520;24752;127777;6,200000000000000;6,200000000000000;6,200000000000000;0,000000000000000;
2521;24753;127786;-38,000000000000000;-24,300000000000001;-58,899999999999999;13,289999999999999;
2522;24754;127787;-9,970000000000001;12,300000000000001;-24,199999999999999;15,949999999999999;
2523;24755;127793;-0,500000000000000;-0,500000000000000;-0,500000000000000;0,000000000000000;1123,3071289
2524;24756;127799;-21,239999999999998;-1,000000000000000;-32,399999999999999;10,500000000000000;
2525;24757;127801;-181,300000000000011;-127,099999999999994;-340,500000000000000;91,920000000000002;
2526;24758;127805;-27,980000000000000;-17,899999999999999;-39,399999999999999;8,680000000000000;
2527;24759;127807;-25,980000000000000;-2,400000000000000;-48,899999999999999;22,059999999999999;
2528;24760;127808;-50,350000000000001;-23,399999999999999;-77,299999999999997;26,949999999999999;1072,7902832
2529;24761;127817;-12,000000000000000;-5,900000000000000;-18,100000000000001;6,100000000000000;
2530;24762;127820;-233,699999999999989;-24,199999999999999;-682,600000000000023;229,400000000000006;1055,1219482
2531;24763;127824;-39,619999999999997;-12,900000000000000;-51,600000000000001;15,570000000000000;
2532;24764;127826;-42,030000000000001;-13,100000000000000;-53,799999999999997;12,390000000000001;
2533;24765;127830;-59,399999999999999;0,500000000000000;-127,000000000000000;51,630000000000003;
2534;24766;127836;-57,430000000000000;-29,800000000000001;-69,000000000000000;12,670000000000000;
2535;24767;127839;-52,700000000000003;-52,299999999999997;-53,100000000000001;0,400000000000000;
2536;24768;127841;-478,600000000000023;-467,300000000000011;-489,899999999999977;11,300000000000001;
2537;24769;127847;-213,770000000000010;-116,099999999999994;-262,600000000000023;69,060000000000002;
2538;24770;127849;-52,250000000000000;-52,200000000000003;-52,299999999999997;0,050000000000000;
2539;24771;127854;-707,899999999999977;-707,899999999999977;-707,899999999999977;0,000000000000000;
2540;24772;127868;-57,469999999999999;-40,399999999999999;-91,200000000000003;23,850000000000001;1651,6929932
2541;24773;127872;-366,829999999999984;-72,000000000000000;-777,399999999999977;199,349999999999994;1578,4335938
2542;24774;127874;-160,729999999999990;28,199999999999999;-691,000000000000000;252,289999999999992;1579,7117920
2543;24775;127877;-72,530000000000001;-42,799999999999997;-131,199999999999989;41,479999999999997;
2544;24776;127879;-77,540000000000006;-6,100000000000000;-237,199999999999989;60,789999999999999;
2545;24777;127880;-76,599999999999994;-41,899999999999999;-111,299999999999997;34,700000000000003;
2546;24778;127883;-142,919999999999987;-43,399999999999999;-198,300000000000011;65,810000000000002;
2547;24779;127885;-1,100000000000000;-1,100000000000000;-1,100000000000000;0,000000000000000;1651,4938965
2548;24780;127886;-228,050000000000011;-53,100000000000001;-384,100000000000023;135,800000000000011;
2549;24781;127891;-85,239999999999995;-7,400000000000000;-340,399999999999977;127,959999999999994;
2550;24782;127900;-174,099999999999994;-92,200000000000003;-237,400000000000006;53,770000000000003;
2551;24783;127911;-31,199999999999999;-31,199999999999999;-31,199999999999999;0,000000000000000;
2552;24784;127912;-70,450000000000003;-55,500000000000000;-85,400000000000006;14,949999999999999;
2553;24785;127934;-100,450000000000003;-26,500000000000000;-166,599999999999994;49,799999999999997;746,6104736
2554;24786;127935;-69,200000000000003;-43,100000000000001;-101,000000000000000;26,059999999999999;
2555;24787;127937;-73,799999999999997;-51,299999999999997;-96,299999999999997;22,500000000000000;736,6497192
2556;24788;127939;-27,820000000000000;-9,600000000000000;-77,700000000000003;25,870000000000001;
2557;24789;127941;-25,149999999999999;-23,399999999999999;-26,899999999999999;1,750000000000000;
2558;24790;127956;-319,600000000000023;-30,100000000000001;-1539,400000000000091;509,209999999999980;1318,0979004
2559;24791;127970;-222,580000000000013;-27,600000000000001;-772,100000000000023;214,650000000000006;1327,4204102
2560;24792;127977;-298,649999999999977;-17,399999999999999;-992,700000000000045;286,670000000000016;
2561;24793;127978;-272,000000000000000;-26,300000000000001;-715,000000000000000;234,550000000000011;
2562;24794;127979;-137,259999999999991;-17,600000000000001;-690,200000000000045;160,110000000000014;
2563;24795;127991;-3,300000000000000;4,500000000000000;-15,100000000000000;7,720000000000000;
2564;24796;128003;-463,199999999999989;-75,000000000000000;-1043,299999999999955;320,279999999999973;1389,3359375
2565;24797;128005;-300,699999999999989;-300,699999999999989;-300,699999999999989;0,000000000000000;
2566;24798;128008;-176,129999999999995;-73,799999999999997;-346,300000000000011;121,150000000000006;
2567;24799;128011;-432,000000000000000;-398,399999999999977;-465,600000000000023;33,600000000000001;
2568;24800;128012;-157,030000000000001;-30,600000000000001;-339,800000000000011;132,370000000000005;
2569;24801;128014;-203,150000000000006;-60,200000000000003;-441,000000000000000;160,750000000000000;
2570;24802;128015;-393,649999999999977;-158,900000000000006;-628,399999999999977;234,750000000000000;
2571;24803;128017;-557,529999999999973;-77,599999999999994;-1616,599999999999909;618,179999999999950;
2572;24804;128022;-62,950000000000003;-22,800000000000001;-378,199999999999989;105,200000000000003;1306,7602539
2573;24805;128023;-16,329999999999998;-4,700000000000000;-26,199999999999999;8,869999999999999;1332,3450928
2574;24806;128072;-71,430000000000007;-47,299999999999997;-87,299999999999997;17,340000000000000;
2575;24807;128074;-42,899999999999999;-42,299999999999997;-43,500000000000000;0,600000000000000;
2576;24808;128075;-153,939999999999998;-0,600000000000000;-478,000000000000000;201,639999999999986;
2577;24809;128076;-28,379999999999999;1,600000000000000;-47,799999999999997;19,149999999999999;
2578;24810;128077;-80,439999999999998;-51,100000000000001;-103,400000000000006;18,699999999999999;
2579;24811;128082;-93,159999999999997;-23,100000000000001;-261,600000000000023;77,409999999999997;
2580;24812;128083;-123,340000000000003;-45,299999999999997;-341,899999999999977;89,750000000000000;
2581;24813;128084;-59,369999999999997;-44,500000000000000;-82,900000000000006;11,650000000000000;
2582;24814;128085;-63,229999999999997;-15,900000000000000;-141,699999999999989;34,880000000000003;
2583;24815;128088;-154,250000000000000;-153,099999999999994;-155,400000000000006;1,150000000000000;
2584;24816;128092;-38,359999999999999;-2,000000000000000;-63,299999999999997;22,739999999999998;
2585;24817;128093;-181,319999999999993;-9,100000000000000;-354,100000000000023;114,439999999999998;
2586;24818;128095;-30,949999999999999;-11,500000000000000;-45,200000000000003;12,199999999999999;
2587;24819;128096;-251,099999999999994;-68,900000000000006;-768,000000000000000;298,600000000000023;
2588;24820;128098;-197,360000000000014;-91,099999999999994;-432,000000000000000;125,170000000000002;
2589;24821;128109;-26,350000000000001;3,300000000000000;-60,700000000000003;29,199999999999999;1202,3870850
2590;24822;128110;-11,699999999999999;-11,699999999999999;-11,699999999999999;0,000000000000000;1202,9207764
2591;24823;128111;-646,100000000000023;-432,800000000000011;-780,799999999999955;129,210000000000008;1203,0201416
2592;24824;128117;-325,269999999999982;-113,200000000000003;-673,899999999999977;187,409999999999997;
2593;24825;128118;-31,649999999999999;-23,500000000000000;-39,799999999999997;8,150000000000000;
2594;24826;128119;-47,180000000000000;-10,400000000000000;-83,700000000000003;27,129999999999999;
2595;24827;128120;-71,780000000000001;-13,400000000000000;-113,799999999999997;36,530000000000001;
2596;24828;128121;-322,199999999999989;-60,500000000000000;-914,799999999999955;349,670000000000016;1179,5301514
2597;24829;128122;-110,870000000000005;-47,700000000000003;-239,000000000000000;61,250000000000000;1180,9475098
2598;24830;128123;-213,750000000000000;-20,199999999999999;-858,500000000000000;227,110000000000014;1182,3328857
2599;24831;128124;-101,469999999999999;-16,000000000000000;-169,000000000000000;57,789999999999999;
2600;24832;128126;-90,599999999999994;-28,500000000000000;-216,699999999999989;72,150000000000006;
2601;24833;128128;-81,579999999999998;-34,700000000000003;-110,700000000000003;28,890000000000001;
2602;24834;128130;-98,510000000000005;3,100000000000000;-419,899999999999977;140,379999999999995;
2603;24835;128131;-165,370000000000005;-50,899999999999999;-376,699999999999989;149,610000000000014;
2604;24836;128132;-199,099999999999994;-54,399999999999999;-408,000000000000000;140,710000000000008;
2605;24837;128133;-55,950000000000003;-34,500000000000000;-78,099999999999994;15,630000000000001;
2606;24838;128134;-182,629999999999995;-13,500000000000000;-665,399999999999977;204,189999999999998;
2607;24839;128135;-314,250000000000000;-22,600000000000001;-860,200000000000045;322,639999999999986;
2608;24840;128136;-120,280000000000001;-74,799999999999997;-205,000000000000000;50,039999999999999;1340,0183105
2609;24841;128137;-106,500000000000000;-10,100000000000000;-189,500000000000000;67,459999999999994;
2610;24842;128140;7,000000000000000;10,699999999999999;0,200000000000000;3,580000000000000;
2611;24843;128141;-385,399999999999977;-72,200000000000003;-698,600000000000023;313,199999999999989;1603,4736328
2612;24844;128142;-183,949999999999989;-127,000000000000000;-231,300000000000011;39,180000000000000;
2613;24845;128143;-214,550000000000011;-64,200000000000003;-364,899999999999977;150,349999999999994;
2614;24846;128145;-269,000000000000000;3,300000000000000;-768,700000000000045;353,819999999999993;
2615;24847;128146;-172,819999999999993;-8,000000000000000;-369,899999999999977;113,599999999999994;
2616;24848;128147;-90,790000000000006;12,500000000000000;-244,900000000000006;81,650000000000006;
2617;24849;128150;-228,449999999999989;-133,900000000000006;-325,800000000000011;92,140000000000001;
2618;24850;128151;-31,930000000000000;-6,800000000000000;-46,299999999999997;17,829999999999998;
2619;24851;128152;-384,370000000000005;-107,700000000000003;-871,299999999999955;323,439999999999998;
2620;24852;128153;-76,239999999999995;-5,200000000000000;-237,900000000000006;69,000000000000000;
2621;24853;128157;-89,269999999999996;-6,200000000000000;-244,300000000000011;71,200000000000003;
2622;24854;128158;-268,899999999999977;-264,800000000000011;-273,000000000000000;4,100000000000000;
2623;24855;128160;-171,800000000000011;-171,800000000000011;-171,800000000000011;0,000000000000000;
2624;24856;128162;-96,200000000000003;-8,300000000000001;-287,199999999999989;114,530000000000001;1209,8255615
2625;24857;128163;-299,199999999999989;-285,399999999999977;-313,000000000000000;13,800000000000001;
2626;24858;128167;-143,150000000000006;-138,699999999999989;-147,599999999999994;4,450000000000000;
2627;24859;128170;-41,750000000000000;-9,000000000000000;-74,500000000000000;32,750000000000000;
2628;24860;128171;-37,560000000000002;-10,100000000000000;-97,700000000000003;28,460000000000001;
2629;24861;128172;-44,799999999999997;-38,299999999999997;-51,299999999999997;6,500000000000000;
2630;24862;128173;-87,590000000000003;0,500000000000000;-235,800000000000011;76,049999999999997;
2631;24863;128174;-18,699999999999999;6,000000000000000;-38,799999999999997;18,579999999999998;
2632;24864;128175;-20,730000000000000;-13,300000000000001;-33,799999999999997;9,270000000000000;
2633;24865;128176;-30,230000000000000;3,900000000000000;-88,799999999999997;30,730000000000000;
2634;24866;128177;-87,900000000000006;-32,600000000000001;-143,199999999999989;55,299999999999997;
2635;24867;128178;-39,299999999999997;-22,300000000000001;-49,700000000000003;12,119999999999999;
2636;24868;128180;-66,530000000000001;-38,700000000000003;-110,500000000000000;27,949999999999999;1199,7490234
2637;24869;128183;-116,000000000000000;-73,599999999999994;-193,300000000000011;54,750000000000000;1195,8508301
2638;24870;128184;-73,790000000000006;-49,799999999999997;-113,299999999999997;20,829999999999998;1194,9974365
2639;24871;128185;-58,850000000000001;-54,700000000000003;-63,000000000000000;4,150000000000000;1193,9815674
2640;24872;128186;-70,129999999999995;-42,200000000000003;-108,799999999999997;25,829999999999998;
2641;24873;128187;-73,700000000000003;-35,100000000000001;-94,099999999999994;21,620000000000001;
2642;24874;128188;-85,739999999999995;-79,200000000000003;-102,400000000000006;8,830000000000000;
2643;24875;128190;-72,950000000000003;-72,000000000000000;-73,900000000000006;0,950000000000000;
2644;24876;128197;-138,500000000000000;-138,500000000000000;-138,500000000000000;0,000000000000000;
2645;24877;128198;-191,030000000000001;-43,000000000000000;-292,399999999999977;107,030000000000001;
2646;24878;128206;-64,049999999999997;-47,600000000000001;-81,500000000000000;13,250000000000000;
2647;24879;128210;-62,270000000000003;-17,399999999999999;-141,000000000000000;45,890000000000001;2099,8710938
2648;24880;128211;-154,389999999999986;-37,700000000000003;-263,500000000000000;72,799999999999997;
2649;24881;128214;-333,730000000000018;-21,000000000000000;-839,100000000000023;277,889999999999986;
2650;24882;128215;-93,260000000000005;-15,300000000000001;-181,300000000000011;64,670000000000002;
2651;24883;128221;-33,390000000000001;4,000000000000000;-84,700000000000003;27,239999999999998;
2652;24884;128222;-45,130000000000003;-9,900000000000000;-86,000000000000000;27,149999999999999;
2653;24885;128224;-71,290000000000006;4,500000000000000;-194,699999999999989;71,540000000000006;
2654;24886;128228;-20,859999999999999;-6,700000000000000;-44,700000000000003;11,730000000000000;
2655;24887;128229;-44,390000000000001;-2,800000000000000;-144,000000000000000;49,619999999999997;
2656;24888;128230;-14,560000000000000;23,300000000000001;-92,000000000000000;34,670000000000002;
2657;24889;128233;-85,230000000000004;-63,600000000000001;-109,099999999999994;16,129999999999999;1132,3687744
2658;24890;128234;-60,030000000000001;-33,700000000000003;-69,400000000000006;15,220000000000001;1131,6230469
2659;24891;128235;-356,149999999999977;-29,300000000000001;-1017,000000000000000;335,689999999999998;1130,1905518
2660;24892;128236;-486,839999999999975;11,800000000000001;-1030,200000000000045;291,579999999999984;1128,6080322
2661;24893;128237;-354,240000000000009;-32,600000000000001;-1141,900000000000091;359,819999999999993;1126,9571533
2662;24894;128238;-383,899999999999977;-9,199999999999999;-855,399999999999977;265,240000000000009;1125,2498779
2663;24895;128239;-521,440000000000055;-29,899999999999999;-1347,700000000000045;414,670000000000016;1123,9432373
2664;24896;128247;-185,020000000000010;-11,400000000000000;-596,299999999999955;221,460000000000008;1132,3771973
2665;24897;128250;-86,459999999999994;-6,400000000000000;-281,000000000000000;89,680000000000007;
2666;24898;128259;-51,009999999999998;-15,400000000000000;-61,399999999999999;14,480000000000000;1089,1921387
2667;24899;128261;-336,569999999999993;-11,800000000000001;-756,000000000000000;231,949999999999989;
2668;24900;128262;-246,689999999999998;-4,700000000000000;-593,399999999999977;172,569999999999993;
2669;24901;128263;-294,509999999999991;-30,800000000000001;-639,899999999999977;167,069999999999993;
2670;24902;128264;-250,210000000000008;-13,100000000000000;-539,700000000000045;195,409999999999997;
2671;24903;128266;-436,600000000000023;-414,199999999999989;-480,100000000000023;30,760000000000002;
2672;24904;128269;-79,200000000000003;-72,700000000000003;-85,700000000000003;6,500000000000000;1955,2347412
2673;24905;128270;-79,060000000000002;-8,900000000000000;-148,699999999999989;44,060000000000002;1956,0328369
2674;24906;128271;-72,700000000000003;3,900000000000000;-149,300000000000011;76,599999999999994;1956,9750977
2675;24907;128275;-79,900000000000006;-79,900000000000006;-79,900000000000006;0,000000000000000;1990,0603027
2676;24908;128280;-83,290000000000006;-32,700000000000003;-195,800000000000011;45,850000000000001;1800,2774658
2677;24909;128282;-57,859999999999999;-4,800000000000000;-127,599999999999994;40,549999999999997;1805,8706055
2678;24910;128283;-44,100000000000001;-44,100000000000001;-44,100000000000001;0,000000000000000;1800,9008789
2679;24911;128285;-83,340000000000003;-31,600000000000001;-151,500000000000000;44,030000000000001;1786,4521484
2680;24912;128286;-106,650000000000006;-47,799999999999997;-240,400000000000006;62,020000000000003;1782,2817383
2681;24913;128307;-29,050000000000001;-24,100000000000001;-34,700000000000003;3,760000000000000;1193,6635742
2682;24914;128309;-197,639999999999986;-5,800000000000000;-487,199999999999989;167,500000000000000;1206,2637939
2683;24915;128324;-62,500000000000000;-9,100000000000000;-150,099999999999994;62,439999999999998;
2684;24916;128329;-96,260000000000005;-14,199999999999999;-313,199999999999989;105,090000000000003;
2685;24917;128330;0,820000000000000;7,600000000000000;-5,300000000000000;5,480000000000000;
2686;24918;128332;-98,370000000000005;-15,600000000000000;-254,300000000000011;72,409999999999997;
2687;24919;128333;-77,780000000000001;-25,899999999999999;-212,000000000000000;70,549999999999997;
2688;24920;128338;66,750000000000000;67,500000000000000;66,000000000000000;0,750000000000000;
2689;24921;128362;-34,500000000000000;-34,500000000000000;-34,500000000000000;0,000000000000000;
2690;24922;128374;-137,919999999999987;-84,599999999999994;-213,599999999999994;52,320000000000000;
2691;24923;128375;-60,420000000000002;2,800000000000000;-137,400000000000006;61,119999999999997;
2692;24924;128376;-147,460000000000008;-3,500000000000000;-228,000000000000000;80,260000000000005;
2693;24925;128378;-36,119999999999997;0,200000000000000;-96,000000000000000;40,030000000000001;
2694;24926;128379;-157,849999999999994;-74,099999999999994;-241,599999999999994;83,750000000000000;
2695;24927;128380;-191,120000000000005;-21,600000000000001;-537,000000000000000;207,110000000000014;
2696;24928;128388;-201,569999999999993;-123,500000000000000;-324,800000000000011;88,170000000000002;
2697;24929;128391;-93,280000000000001;-73,799999999999997;-149,500000000000000;25,469999999999999;
2698;24930;128405;-37,070000000000000;5,900000000000000;-129,300000000000011;42,939999999999998;1833,7573242
2699;24931;128406;-17,100000000000001;-17,100000000000001;-17,100000000000001;0,000000000000000;1828,4641113
2700;24932;128409;-101,849999999999994;-62,200000000000003;-124,700000000000003;24,010000000000002;
2701;24933;128410;-49,439999999999998;-31,600000000000001;-57,399999999999999;9,440000000000000;
2702;24934;128420;-0,800000000000000;-0,800000000000000;-0,800000000000000;0,000000000000000;
2703;24935;128422;-71,840000000000003;15,400000000000000;-473,100000000000023;168,189999999999998;1151,1457520
2704;24936;128428;-14,300000000000001;36,799999999999997;-65,400000000000006;51,100000000000001;
2705;24937;128432;-11,960000000000001;11,699999999999999;-26,600000000000001;16,559999999999999;
2706;24938;128448;-50,079999999999998;6,800000000000000;-87,299999999999997;37,880000000000003;1490,7285156
2707;24939;128460;-216,460000000000008;-24,000000000000000;-597,200000000000045;199,889999999999986;
2708;24940;128461;-516,460000000000036;-32,000000000000000;-1049,799999999999955;440,639999999999986;
2709;24941;128462;-485,939999999999998;-49,100000000000001;-1010,000000000000000;335,879999999999995;
2710;24942;128463;-293,459999999999980;-43,299999999999997;-639,100000000000023;191,919999999999987;
2711;24943;128466;-226,419999999999987;-27,199999999999999;-862,399999999999977;220,379999999999995;
2712;24944;128468;-218,159999999999997;-40,000000000000000;-440,500000000000000;169,250000000000000;1349,1561279
2713;24945;128469;-74,719999999999999;-41,600000000000001;-110,599999999999994;25,070000000000000;
2714;24946;128473;-48,630000000000003;-1,600000000000000;-85,099999999999994;34,899999999999999;
2715;24947;128474;-143,729999999999990;-18,199999999999999;-206,500000000000000;88,769999999999996;
2716;24948;128477;-108,090000000000003;-41,399999999999999;-328,000000000000000;91,230000000000004;
2717;24949;128481;-7,050000000000000;-7,000000000000000;-7,100000000000000;0,050000000000000;
2718;24950;128484;-52,689999999999998;1,400000000000000;-113,700000000000003;37,369999999999997;
2719;24951;128485;-203,550000000000011;17,100000000000001;-600,399999999999977;234,830000000000013;
2720;24952;128486;-27,969999999999999;0,100000000000000;-77,400000000000006;35,060000000000002;
2721;24953;128488;-79,920000000000002;-29,899999999999999;-186,900000000000006;56,740000000000002;
2722;24954;128495;-36,950000000000003;-26,199999999999999;-47,700000000000003;10,750000000000000;
2723;24955;128498;-33,259999999999998;-3,500000000000000;-79,000000000000000;21,969999999999999;
2724;24956;128499;-122,849999999999994;-6,200000000000000;-239,500000000000000;116,650000000000006;
2725;24957;128501;-18,649999999999999;-0,400000000000000;-66,700000000000003;27,789999999999999;
2726;24958;128507;-102,799999999999997;-5,900000000000000;-208,099999999999994;82,909999999999997;
2727;24959;128508;-39,579999999999998;-24,399999999999999;-98,099999999999994;20,260000000000002;
2728;24960;128514;-142,539999999999992;-11,100000000000000;-332,899999999999977;108,519999999999996;
2729;24961;128519;-15,949999999999999;18,800000000000001;-50,700000000000003;34,750000000000000;
2730;24962;128520;-161,819999999999993;-72,400000000000006;-272,600000000000023;81,150000000000006;
2731;24963;128572;-27,899999999999999;-10,600000000000000;-60,899999999999999;23,340000000000000;
2732;24964;128573;-123,280000000000001;-16,300000000000001;-397,300000000000011;147,120000000000005;
2733;24965;128574;-13,619999999999999;4,200000000000000;-64,000000000000000;25,430000000000000;
2734;24966;128829;15,699999999999999;15,699999999999999;15,699999999999999;0,000000000000000;980,8264771
2735;24967;128831;-38,219999999999999;-10,699999999999999;-72,299999999999997;23,719999999999999;985,0819092
2736;24968;128832;-11,710000000000001;15,199999999999999;-85,900000000000006;35,259999999999998;984,8497314
2737;24969;128840;-16,500000000000000;-16,500000000000000;-16,500000000000000;0,000000000000000;912,6220093
2738;24970;128850;-113,890000000000001;-21,000000000000000;-306,699999999999989;97,489999999999995;
2739;24971;128851;-129,740000000000009;-11,900000000000000;-274,800000000000011;80,230000000000004;
2740;24972;128852;-72,269999999999996;-5,500000000000000;-167,400000000000006;46,939999999999998;
2741;24973;128853;-45,640000000000001;-4,300000000000000;-147,400000000000006;48,100000000000001;
2742;24974;128856;-177,159999999999997;-4,800000000000000;-425,899999999999977;149,259999999999991;
2743;24975;128859;-307,000000000000000;-32,299999999999997;-1052,500000000000000;322,180000000000007;
2744;24976;128860;-395,180000000000007;-56,799999999999997;-961,700000000000045;336,680000000000007;
2745;24977;128861;-48,630000000000003;-41,200000000000003;-52,399999999999999;5,260000000000000;
2746;24978;128892;-140,759999999999991;-17,899999999999999;-420,800000000000011;107,629999999999995;
2747;24979;128893;-220,020000000000010;-16,600000000000001;-672,399999999999977;197,659999999999997;
2748;24980;128894;-141,699999999999989;-76,000000000000000;-269,500000000000000;56,930000000000000;
2749;24981;128895;-107,640000000000001;-36,500000000000000;-226,699999999999989;55,359999999999999;
2750;24982;128896;-157,669999999999987;-45,000000000000000;-373,600000000000023;152,740000000000009;
2751;24983;128897;-97,549999999999997;-84,299999999999997;-118,000000000000000;12,609999999999999;
2752;24984;128898;-111,430000000000007;-28,500000000000000;-224,199999999999989;59,859999999999999;
2753;24985;128899;-87,750000000000000;-12,400000000000000;-223,099999999999994;76,780000000000001;
2754;24986;128900;-79,959999999999994;-20,399999999999999;-118,400000000000006;33,829999999999998;
2755;24987;128901;-56,950000000000003;-29,399999999999999;-84,500000000000000;27,550000000000001;
2756;24988;128902;-68,670000000000002;-53,899999999999999;-92,299999999999997;13,890000000000001;
2757;24989;128903;-82,040000000000006;-26,300000000000001;-205,599999999999994;54,380000000000003;
2758;24990;128904;-34,200000000000003;-34,200000000000003;-34,200000000000003;0,000000000000000;
2759;24991;128905;-61,990000000000002;-39,100000000000001;-70,900000000000006;10,240000000000000;
2760;24992;128906;-60,100000000000001;-45,899999999999999;-69,700000000000003;6,910000000000000;
2761;24993;128907;-144,750000000000000;-98,700000000000003;-221,099999999999994;46,380000000000003;
2762;24994;128917;-88,750000000000000;-22,899999999999999;-224,099999999999994;64,010000000000005;
2763;24995;128918;-296,990000000000009;-37,000000000000000;-796,399999999999977;233,750000000000000;
2764;24996;128921;-231,689999999999998;-61,000000000000000;-849,000000000000000;274,339999999999975;
2765;24997;128922;-97,739999999999995;-9,300000000000001;-332,300000000000011;118,450000000000003;
2766;24998;128923;-29,230000000000000;-18,699999999999999;-42,500000000000000;8,550000000000001;
2767;24999;128924;-187,580000000000013;-55,600000000000001;-288,699999999999989;90,579999999999998;941,7301025
2768;25000;128925;-35,680000000000000;-5,200000000000000;-207,300000000000011;57,729999999999997;924,0143433
2769;25001;128926;-155,530000000000001;-10,000000000000000;-621,899999999999977;196,580000000000013;887,5753784
2770;25002;128933;-181,349999999999994;-39,200000000000003;-465,000000000000000;148,949999999999989;
2771;25003;128935;1,550000000000000;12,400000000000000;-9,300000000000001;10,850000000000000;
2772;25004;128940;-38,350000000000001;-21,199999999999999;-51,299999999999997;10,020000000000000;1037,1818848
2773;25005;128941;-90,230000000000004;-1,100000000000000;-339,399999999999977;132,610000000000014;1036,6033936
2774;25160;134495;-14,580000000000000;-0,100000000000000;-29,899999999999999;11,140000000000001;
2775;25161;134496;-173,080000000000013;-16,500000000000000;-476,399999999999977;182,919999999999987;1103,9956055
2776;25162;134498;-141,409999999999997;-11,400000000000000;-545,500000000000000;210,020000000000010;
2777;25163;134507;-67,250000000000000;-29,100000000000001;-86,599999999999994;26,940000000000001;
2778;25164;134508;-110,719999999999999;-3,400000000000000;-286,600000000000023;104,170000000000002;1111,5765381
2779;25165;134509;-17,620000000000001;0,900000000000000;-32,700000000000003;11,250000000000000;
2780;25166;134510;-165,199999999999989;-2,200000000000000;-539,000000000000000;211,000000000000000;
2781;25177;134757;-107,549999999999997;-50,899999999999999;-202,199999999999989;61,549999999999997;768,2205811
2782;25178;134759;-76,810000000000002;-9,699999999999999;-265,600000000000023;86,349999999999994;753,8991699
2783;25179;134771;11,650000000000000;32,299999999999997;-14,199999999999999;17,940000000000001;
2784;25180;134773;-20,370000000000001;4,600000000000000;-29,000000000000000;11,490000000000000;
2785;25181;134796;-16,050000000000001;-12,400000000000000;-19,699999999999999;3,650000000000000;
2786;25182;134804;-64,200000000000003;-60,899999999999999;-67,500000000000000;3,300000000000000;
2787;25183;134807;-101,269999999999996;-35,899999999999999;-159,000000000000000;44,829999999999998;
2788;25184;134839;-273,870000000000005;-155,599999999999994;-514,000000000000000;115,150000000000006;
2789;25185;134842;-54,000000000000000;-38,299999999999997;-69,400000000000006;13,050000000000001;916,8260498
2790;25186;134846;-264,939999999999998;-50,000000000000000;-840,000000000000000;293,339999999999975;915,8953857
2791;25187;134849;-309,689999999999998;-28,699999999999999;-784,100000000000023;246,210000000000008;1159,5596924
2792;25188;134850;-245,780000000000001;-52,100000000000001;-472,100000000000023;174,300000000000011;1158,9663086
2793;25189;134852;-107,480000000000004;-49,500000000000000;-223,500000000000000;61,799999999999997;1157,4722900
2794;25190;134863;-21,800000000000001;-2,200000000000000;-38,500000000000000;13,560000000000000;
2795;25191;134865;-59,869999999999997;-25,800000000000001;-101,599999999999994;22,399999999999999;1189,3560791
2796;25192;134868;-33,500000000000000;-16,100000000000001;-50,500000000000000;15,039999999999999;1144,6947021
2797;25193;134870;-163,199999999999989;-7,700000000000000;-1159,500000000000000;294,629999999999995;
2798;25194;134872;-87,650000000000006;-46,200000000000003;-129,099999999999994;41,450000000000003;
2799;25195;134877;-143,770000000000010;-4,400000000000000;-320,399999999999977;92,689999999999998;1169,1105957
2800;25196;134878;-184,919999999999987;-10,300000000000001;-451,399999999999977;138,469999999999999;1147,5184326
2801;25197;134879;-314,000000000000000;-90,400000000000006;-813,899999999999977;292,550000000000011;1141,5122070
2802;25198;134881;-140,930000000000007;-17,100000000000001;-328,600000000000023;117,579999999999998;
2803;25199;134882;-199,770000000000010;-16,300000000000001;-561,899999999999977;210,150000000000006;
2804;25200;134886;-24,059999999999999;-2,300000000000000;-39,100000000000001;13,940000000000000;1001,2964478
2805;25201;134887;-16,600000000000001;4,200000000000000;-27,500000000000000;14,710000000000001;809,8018188
2806;25202;134889;9,699999999999999;11,100000000000000;8,300000000000001;1,400000000000000;
2807;25203;134894;-31,129999999999999;3,600000000000000;-124,799999999999997;43,250000000000000;
2808;25204;134895;-41,180000000000000;-1,300000000000000;-95,799999999999997;31,399999999999999;
2809;25205;134896;-133,060000000000002;-2,300000000000000;-435,600000000000023;137,259999999999991;1118,6749268
2810;25206;134897;-743,549999999999955;-690,000000000000000;-797,100000000000023;53,549999999999997;1116,0748291
2811;25207;134899;-34,149999999999999;-21,399999999999999;-46,899999999999999;12,750000000000000;
2812;25208;134900;-138,840000000000003;-75,000000000000000;-196,000000000000000;48,289999999999999;
2813;25209;134901;-140,770000000000010;-26,100000000000001;-412,800000000000011;119,349999999999994;
2814;25210;134906;-11,930000000000000;-1,800000000000000;-18,600000000000001;7,000000000000000;998,4722900
2815;25211;134908;-115,109999999999999;-50,600000000000001;-216,199999999999989;54,219999999999999;1099,6452637
2816;25212;134914;-59,219999999999999;-7,700000000000000;-129,699999999999989;39,880000000000003;1015,5744019
2817;25213;134915;-40,640000000000001;-4,000000000000000;-67,099999999999994;26,989999999999998;1079,6782227
2818;25214;134917;-5,270000000000000;6,800000000000000;-20,399999999999999;9,630000000000001;965,6448975
2819;25364;138227;-230,169999999999987;-16,199999999999999;-423,800000000000011;133,889999999999986;
2820;25365;138229;-172,629999999999995;-46,100000000000001;-249,300000000000011;76,079999999999998;
2821;25366;138230;-165,349999999999994;-41,899999999999999;-418,899999999999977;103,049999999999997;
2822;25996;144965;-17,699999999999999;-7,900000000000000;-27,500000000000000;9,800000000000001;2223,8232422
2823;25997;144968;-54,600000000000001;-38,500000000000000;-63,500000000000000;10,250000000000000;2283,0747070
2824;25998;144973;-34,100000000000001;-34,100000000000001;-34,100000000000001;0,000000000000000;1242,1685791
